2024-09-05 16:16:22,728 INFO  [org.jboss.modules] (main) JBoss Modules version 1.12.0.Final
2024-09-05 16:16:23,655 INFO  [org.jboss.msc] (main) JBoss MSC version 1.4.13.Final
2024-09-05 16:16:23,671 INFO  [org.jboss.threads] (main) JBoss Threads version 2.4.0.Final
2024-09-05 16:16:23,862 INFO  [org.jboss.as] (MSC service thread 1-1) WFLYSRV0049: WildFly Full 25.0.1.Final (WildFly Core 17.0.3.Final) starting
2024-09-05 16:16:23,864 DEBUG [org.jboss.as.config] (MSC service thread 1-1) Configured system properties:
	file.encoding = Cp1252
	file.separator = \
	intellij.debug.agent = true
	java.class.path = C:\Users\javit\Desktop\Luciano\Proyectos\JaviCook\wildfly-25.0.1.Final\jboss-modules.jar
	java.class.version = 59.0
	java.home = C:\Program Files\Java\jdk-15
	java.io.tmpdir = C:\Users\javit\AppData\Local\Temp\
	java.library.path = C:\Program Files\Java\jdk-15\bin;C:\WINDOWS\Sun\Java\bin;C:\WINDOWS\system32;C:\WINDOWS;C:\Program Files\Common Files\Oracle\Java\javapath;C:\Windows\system32;C:\Windows;C:\Windows\System32\Wbem;C:\Windows\System32\WindowsPowerShell\v1.0\;C:\Windows\System32\OpenSSH\;C:\Program Files (x86)\Intel\Intel(R) Management Engine Components\DAL;C:\Program Files\Intel\Intel(R) Management Engine Components\DAL;C:\Program Files (x86)\NVIDIA Corporation\PhysX\Common;C:\Program Files\NVIDIA Corporation\NVIDIA NvDLISR;C:\WINDOWS\system32;C:\WINDOWS;C:\WINDOWS\System32\Wbem;C:\WINDOWS\System32\WindowsPowerShell\v1.0\;C:\WINDOWS\System32\OpenSSH\;C:\Program Files (x86)\dotnet\;C:\Program Files\Java\jdk-15\bin;C:\Program Files\Git\cmd;C:\Program Files\Docker\Docker\resources\bin;C:\Program Files\MySQL\MySQL Shell 8.0\bin\;C:\Users\javit\AppData\Local\Microsoft\WindowsApps;;.
	java.runtime.name = Java(TM) SE Runtime Environment
	java.runtime.version = 15+36-1562
	java.specification.name = Java Platform API Specification
	java.specification.vendor = Oracle Corporation
	java.specification.version = 15
	java.util.logging.manager = org.jboss.logmanager.LogManager
	java.vendor = Oracle Corporation
	java.vendor.url = https://java.oracle.com/
	java.vendor.url.bug = https://bugreport.java.com/bugreport/
	java.version = 15
	java.version.date = 2020-09-15
	java.vm.compressedOopsMode = Zero based
	java.vm.info = mixed mode, sharing
	java.vm.name = Java HotSpot(TM) 64-Bit Server VM
	java.vm.specification.name = Java Virtual Machine Specification
	java.vm.specification.vendor = Oracle Corporation
	java.vm.specification.version = 15
	java.vm.vendor = Oracle Corporation
	java.vm.version = 15+36-1562
	javax.management.builder.initial = org.jboss.as.jmx.PluggableMBeanServerBuilder
	jboss.home.dir = C:\Users\javit\Desktop\Luciano\Proyectos\JaviCook\wildfly-25.0.1.Final
	jboss.host.name = laptop-e5rpr3kk
	jboss.modules.dir = C:\Users\javit\Desktop\Luciano\Proyectos\JaviCook\wildfly-25.0.1.Final\modules
	jboss.modules.system.pkgs = com.intellij.rt
	jboss.node.name = laptop-e5rpr3kk
	jboss.qualified.host.name = laptop-e5rpr3kk
	jboss.server.base.dir = C:\Users\javit\Desktop\Luciano\Proyectos\JaviCook\wildfly-25.0.1.Final\standalone
	jboss.server.config.dir = C:\Users\javit\Desktop\Luciano\Proyectos\JaviCook\wildfly-25.0.1.Final\standalone\configuration
	jboss.server.data.dir = C:\Users\javit\Desktop\Luciano\Proyectos\JaviCook\wildfly-25.0.1.Final\standalone\data
	jboss.server.deploy.dir = C:\Users\javit\Desktop\Luciano\Proyectos\JaviCook\wildfly-25.0.1.Final\standalone\data\content
	jboss.server.log.dir = C:\Users\javit\Desktop\Luciano\Proyectos\JaviCook\wildfly-25.0.1.Final\standalone\log
	jboss.server.name = laptop-e5rpr3kk
	jboss.server.persist.config = true
	jboss.server.temp.dir = C:\Users\javit\Desktop\Luciano\Proyectos\JaviCook\wildfly-25.0.1.Final\standalone\tmp
	jdk.debug = release
	line.separator = 

	logging.configuration = file:C:\Users\javit\Desktop\Luciano\Proyectos\JaviCook\wildfly-25.0.1.Final\standalone\configuration/logging.properties
	module.path = C:\Users\javit\Desktop\Luciano\Proyectos\JaviCook\wildfly-25.0.1.Final\modules
	org.jboss.boot.log.file = C:\Users\javit\Desktop\Luciano\Proyectos\JaviCook\wildfly-25.0.1.Final\standalone\log\server.log
	org.jboss.resolver.warning = true
	os.arch = amd64
	os.name = Windows 10
	os.version = 10.0
	path.separator = ;
	program.name = standalone.bat
	sun.arch.data.model = 64
	sun.boot.library.path = C:\Program Files\Java\jdk-15\bin
	sun.cpu.endian = little
	sun.cpu.isalist = amd64
	sun.io.unicode.encoding = UnicodeLittle
	sun.java.command = C:\Users\javit\Desktop\Luciano\Proyectos\JaviCook\wildfly-25.0.1.Final\jboss-modules.jar -mp C:\Users\javit\Desktop\Luciano\Proyectos\JaviCook\wildfly-25.0.1.Final\modules org.jboss.as.standalone -Djboss.home.dir=C:\Users\javit\Desktop\Luciano\Proyectos\JaviCook\wildfly-25.0.1.Final
	sun.java.launcher = SUN_STANDARD
	sun.jnu.encoding = Cp1252
	sun.management.compiler = HotSpot 64-Bit Tiered Compilers
	sun.os.patch.level = 
	user.country = AR
	user.dir = C:\Users\javit\Desktop\Luciano\Proyectos\JaviCook\wildfly-25.0.1.Final\bin
	user.home = C:\Users\javit
	user.language = es
	user.name = javito
	user.script = 
	user.timezone = America/Buenos_Aires
	user.variant = 
2024-09-05 16:16:23,869 DEBUG [org.jboss.as.config] (MSC service thread 1-1) VM Arguments: -Dprogram.name=standalone.bat -agentlib:jdwp=transport=dt_socket,address=127.0.0.1:58359,suspend=y,server=n -javaagent:C:\Users\javit\AppData\Local\JetBrains\IntelliJIdea2022.2\captureAgent\debugger-agent.jar --add-exports=java.desktop/sun.awt=ALL-UNNAMED --add-exports=java.naming/com.sun.jndi.ldap=ALL-UNNAMED --add-opens=java.base/java.lang=ALL-UNNAMED --add-opens=java.base/java.lang.invoke=ALL-UNNAMED --add-opens=java.base/java.io=ALL-UNNAMED --add-opens=java.base/java.lang.reflect=ALL-UNNAMED --add-opens=java.base/java.security=ALL-UNNAMED --add-opens=java.base/java.util=ALL-UNNAMED --add-opens=java.base/java.util.concurrent=ALL-UNNAMED --add-opens=java.management/javax.management=ALL-UNNAMED --add-opens=java.naming/javax.naming=ALL-UNNAMED -Dorg.jboss.boot.log.file=C:\Users\javit\Desktop\Luciano\Proyectos\JaviCook\wildfly-25.0.1.Final\standalone\log\server.log -Dlogging.configuration=file:C:\Users\javit\Desktop\Luciano\Proyectos\JaviCook\wildfly-25.0.1.Final\standalone\configuration/logging.properties 
2024-09-05 16:16:25,334 INFO  [org.wildfly.security] (ServerService Thread Pool -- 27) ELY00001: WildFly Elytron version 1.17.1.Final
2024-09-05 16:16:27,142 INFO  [org.jboss.as.server] (Controller Boot Thread) WFLYSRV0039: Creating http management service using socket-binding (management-http)
2024-09-05 16:16:27,170 INFO  [org.xnio] (MSC service thread 1-1) XNIO version 3.8.4.Final
2024-09-05 16:16:27,184 INFO  [org.xnio.nio] (MSC service thread 1-1) XNIO NIO Implementation Version 3.8.4.Final
2024-09-05 16:16:27,572 INFO  [org.wildfly.extension.health] (ServerService Thread Pool -- 53) WFLYHEALTH0001: Activating Base Health Subsystem
2024-09-05 16:16:27,580 INFO  [org.jboss.as.clustering.infinispan] (ServerService Thread Pool -- 54) WFLYCLINF0001: Activating Infinispan subsystem.
2024-09-05 16:16:27,607 INFO  [org.jboss.as.connector] (MSC service thread 1-6) WFLYJCA0009: Starting Jakarta Connectors Subsystem (WildFly/IronJacamar 1.5.2.Final)
2024-09-05 16:16:27,609 INFO  [org.jboss.as.jsf] (ServerService Thread Pool -- 61) WFLYJSF0007: Activated the following Jakarta Server Faces Implementations: [main]
2024-09-05 16:16:27,615 INFO  [org.wildfly.extension.microprofile.jwt.smallrye] (ServerService Thread Pool -- 65) WFLYJWT0001: Activating MicroProfile JWT Subsystem
2024-09-05 16:16:27,618 INFO  [org.wildfly.extension.microprofile.opentracing] (ServerService Thread Pool -- 66) WFLYTRACEXT0001: Activating MicroProfile OpenTracing Subsystem
2024-09-05 16:16:27,627 WARN  [org.jboss.as.txn] (ServerService Thread Pool -- 74) WFLYTX0013: The node-identifier attribute on the /subsystem=transactions is set to the default value. This is a danger for environments running multiple servers. Please make sure the attribute value is unique.
2024-09-05 16:16:27,723 INFO  [org.wildfly.extension.elytron.oidc._private] (ServerService Thread Pool -- 52) WFLYOIDC0001: Activating WildFly Elytron OIDC Subsystem
2024-09-05 16:16:27,754 INFO  [org.wildfly.extension.microprofile.config.smallrye] (ServerService Thread Pool -- 64) WFLYCONF0001: Activating MicroProfile Config Subsystem
2024-09-05 16:16:27,769 INFO  [org.jboss.as.naming] (ServerService Thread Pool -- 67) WFLYNAM0001: Activating Naming Subsystem
2024-09-05 16:16:27,771 INFO  [org.jboss.as.jaxrs] (ServerService Thread Pool -- 56) WFLYRS0016: RESTEasy version 4.7.2.Final
2024-09-05 16:16:27,789 INFO  [org.wildfly.extension.metrics] (ServerService Thread Pool -- 63) WFLYMETRICS0001: Activating Base Metrics Subsystem
2024-09-05 16:16:27,844 INFO  [org.wildfly.extension.undertow] (MSC service thread 1-2) WFLYUT0003: Undertow 2.2.12.Final starting
2024-09-05 16:16:27,848 INFO  [org.jboss.as.connector.subsystems.datasources] (ServerService Thread Pool -- 44) WFLYJCA0004: Deploying JDBC-compliant driver class org.h2.Driver (version 1.4)
2024-09-05 16:16:27,852 INFO  [org.jboss.as.connector.deployers.jdbc] (MSC service thread 1-7) WFLYJCA0018: Started Driver service with driver-name = h2
2024-09-05 16:16:27,888 INFO  [org.jboss.as.connector.subsystems.datasources] (ServerService Thread Pool -- 44) WFLYJCA0005: Deploying non-JDBC-compliant driver class com.mysql.jdbc.Driver (version 5.1)
2024-09-05 16:16:27,889 INFO  [org.jboss.as.connector.subsystems.datasources] (ServerService Thread Pool -- 44) WFLYJCA0005: Deploying non-JDBC-compliant driver class com.mysql.jdbc.Driver (version 5.1)
2024-09-05 16:16:27,890 INFO  [org.jboss.as.connector.deployers.jdbc] (MSC service thread 1-7) WFLYJCA0018: Started Driver service with driver-name = mysql
2024-09-05 16:16:27,890 INFO  [org.jboss.as.connector.deployers.jdbc] (MSC service thread 1-7) WFLYJCA0018: Started Driver service with driver-name = mysql-new
2024-09-05 16:16:27,893 INFO  [org.jboss.as.webservices] (ServerService Thread Pool -- 76) WFLYWS0002: Activating WebServices Extension
2024-09-05 16:16:27,890 INFO  [org.jboss.as.connector.subsystems.datasources] (ServerService Thread Pool -- 44) WFLYJCA0005: Deploying non-JDBC-compliant driver class com.mysql.jdbc.Driver (version 5.1)
2024-09-05 16:16:28,003 INFO  [org.jboss.as.connector.deployers.jdbc] (MSC service thread 1-2) WFLYJCA0018: Started Driver service with driver-name = mysql-new2
2024-09-05 16:16:28,103 INFO  [org.wildfly.extension.undertow] (ServerService Thread Pool -- 75) WFLYUT0014: Creating file handler for path 'C:\Users\javit\Desktop\Luciano\Proyectos\JaviCook\wildfly-25.0.1.Final/welcome-content' with options [directory-listing: 'false', follow-symlink: 'false', case-sensitive: 'true', safe-symlink-paths: '[]']
2024-09-05 16:16:28,281 WARN  [org.wildfly.extension.elytron] (MSC service thread 1-8) WFLYELY00023: KeyStore file 'C:\Users\javit\Desktop\Luciano\Proyectos\JaviCook\wildfly-25.0.1.Final\standalone\configuration\application.keystore' does not exist. Used blank.
2024-09-05 16:16:28,384 WARN  [org.wildfly.extension.elytron] (MSC service thread 1-3) WFLYELY01084: KeyStore C:\Users\javit\Desktop\Luciano\Proyectos\JaviCook\wildfly-25.0.1.Final\standalone\configuration\application.keystore not found, it will be auto generated on first use with a self-signed certificate for host localhost
2024-09-05 16:16:28,391 INFO  [org.jboss.as.naming] (MSC service thread 1-3) WFLYNAM0003: Starting Naming Service
2024-09-05 16:16:28,407 INFO  [org.jboss.as.mail.extension] (MSC service thread 1-2) WFLYMAIL0001: Bound mail session [java:jboss/mail/Default]
2024-09-05 16:16:28,532 INFO  [org.wildfly.extension.io] (ServerService Thread Pool -- 55) WFLYIO001: Worker 'default' has auto-configured to 16 IO threads with 128 max task threads based on your 8 available processors
2024-09-05 16:16:28,621 INFO  [org.jboss.remoting] (MSC service thread 1-3) JBoss Remoting version 5.0.23.Final
2024-09-05 16:16:28,697 INFO  [org.jboss.as.ejb3] (MSC service thread 1-8) WFLYEJB0481: Strict pool slsb-strict-max-pool is using a max instance size of 128 (per class), which is derived from thread worker pool sizing.
2024-09-05 16:16:28,697 INFO  [org.jboss.as.ejb3] (MSC service thread 1-4) WFLYEJB0482: Strict pool mdb-strict-max-pool is using a max instance size of 32 (per class), which is derived from the number of CPUs on this host.
2024-09-05 16:16:28,702 INFO  [org.wildfly.extension.undertow] (MSC service thread 1-4) WFLYUT0012: Started server default-server.
2024-09-05 16:16:28,704 INFO  [org.wildfly.extension.undertow] (MSC service thread 1-8) Queuing requests.
2024-09-05 16:16:28,705 INFO  [org.wildfly.extension.undertow] (MSC service thread 1-8) WFLYUT0018: Host default-host starting
2024-09-05 16:16:28,743 INFO  [org.wildfly.extension.undertow] (MSC service thread 1-4) WFLYUT0006: Undertow HTTP listener default listening on 127.0.0.1:8080
2024-09-05 16:16:28,890 INFO  [org.jboss.as.ejb3] (MSC service thread 1-2) WFLYEJB0493: Jakarta Enterprise Beans subsystem suspension complete
2024-09-05 16:16:29,156 INFO  [org.jboss.as.connector.subsystems.datasources] (MSC service thread 1-2) WFLYJCA0001: Bound data source [java:jboss/datasources/recetaDS]
2024-09-05 16:16:29,157 INFO  [org.jboss.as.connector.subsystems.datasources] (MSC service thread 1-4) WFLYJCA0001: Bound data source [java:jboss/datasources/agendaDS]
2024-09-05 16:16:29,294 INFO  [org.wildfly.extension.undertow] (MSC service thread 1-4) WFLYUT0006: Undertow HTTPS listener https listening on 127.0.0.1:8443
2024-09-05 16:16:30,028 INFO  [org.jboss.as.patching] (MSC service thread 1-3) WFLYPAT0050: WildFly Full cumulative patch ID is: base, one-off patches include: none
2024-09-05 16:16:30,043 INFO  [org.jboss.as.server.deployment.scanner] (MSC service thread 1-4) WFLYDS0013: Started FileSystemDeploymentService for directory C:\Users\javit\Desktop\Luciano\Proyectos\JaviCook\wildfly-25.0.1.Final\standalone\deployments
2024-09-05 16:16:30,574 INFO  [org.jboss.ws.common.management] (MSC service thread 1-2) JBWS022052: Starting JBossWS 5.4.4.Final (Apache CXF 3.4.4) 
2024-09-05 16:16:31,002 INFO  [org.jboss.as.server] (Controller Boot Thread) WFLYSRV0212: Resuming server
2024-09-05 16:16:31,006 INFO  [org.jboss.as] (Controller Boot Thread) WFLYSRV0025: WildFly Full 25.0.1.Final (WildFly Core 17.0.3.Final) started in 9688ms - Started 308 of 548 services (338 services are lazy, passive or on-demand)
2024-09-05 16:16:31,009 INFO  [org.jboss.as] (Controller Boot Thread) WFLYSRV0060: Http management interface listening on http://127.0.0.1:9990/management
2024-09-05 16:16:31,010 INFO  [org.jboss.as] (Controller Boot Thread) WFLYSRV0051: Admin console listening on http://127.0.0.1:9990
2024-09-05 16:16:33,494 INFO  [org.jboss.as.server.deployment] (MSC service thread 1-7) WFLYSRV0027: Starting deployment of "JaviCook-1.0-SNAPSHOT" (runtime-name: "JaviCook-1.0-SNAPSHOT.war")
2024-09-05 16:16:36,442 INFO  [org.jboss.as.jpa] (MSC service thread 1-4) WFLYJPA0002: Read persistence.xml for recetaDS
2024-09-05 16:16:36,628 INFO  [org.jipijapa] (MSC service thread 1-2) JIPIORMV53020253: Second level cache enabled for JaviCook-1.0-SNAPSHOT#recetaDS
2024-09-05 16:16:38,360 INFO  [org.jboss.weld.deployer] (MSC service thread 1-6) WFLYWELD0003: Processing weld deployment JaviCook-1.0-SNAPSHOT.war
2024-09-05 16:16:38,856 INFO  [org.hibernate.validator.internal.util.Version] (MSC service thread 1-6) HV000001: Hibernate Validator 6.0.22.Final
2024-09-05 16:16:39,338 INFO  [org.jboss.as.ejb3.deployment] (MSC service thread 1-6) WFLYEJB0473: JNDI bindings for session bean named 'ComentarioDAO' in deployment unit 'deployment "JaviCook-1.0-SNAPSHOT.war"' are as follows:

	java:global/JaviCook-1.0-SNAPSHOT/ComentarioDAO!dao.ComentarioDAO
	java:app/JaviCook-1.0-SNAPSHOT/ComentarioDAO!dao.ComentarioDAO
	java:module/ComentarioDAO!dao.ComentarioDAO
	java:global/JaviCook-1.0-SNAPSHOT/ComentarioDAO
	java:app/JaviCook-1.0-SNAPSHOT/ComentarioDAO
	java:module/ComentarioDAO

2024-09-05 16:16:39,338 INFO  [org.jboss.as.ejb3.deployment] (MSC service thread 1-6) WFLYEJB0473: JNDI bindings for session bean named 'RecetaDAO' in deployment unit 'deployment "JaviCook-1.0-SNAPSHOT.war"' are as follows:

	java:global/JaviCook-1.0-SNAPSHOT/RecetaDAO!dao.RecetaDAO
	java:app/JaviCook-1.0-SNAPSHOT/RecetaDAO!dao.RecetaDAO
	java:module/RecetaDAO!dao.RecetaDAO
	java:global/JaviCook-1.0-SNAPSHOT/RecetaDAO
	java:app/JaviCook-1.0-SNAPSHOT/RecetaDAO
	java:module/RecetaDAO

2024-09-05 16:16:39,339 INFO  [org.jboss.as.ejb3.deployment] (MSC service thread 1-6) WFLYEJB0473: JNDI bindings for session bean named 'GenericDAO' in deployment unit 'deployment "JaviCook-1.0-SNAPSHOT.war"' are as follows:

	java:global/JaviCook-1.0-SNAPSHOT/GenericDAO!dao.GenericDAO
	java:app/JaviCook-1.0-SNAPSHOT/GenericDAO!dao.GenericDAO
	java:module/GenericDAO!dao.GenericDAO
	java:global/JaviCook-1.0-SNAPSHOT/GenericDAO
	java:app/JaviCook-1.0-SNAPSHOT/GenericDAO
	java:module/GenericDAO

2024-09-05 16:16:39,339 INFO  [org.jboss.as.ejb3.deployment] (MSC service thread 1-6) WFLYEJB0473: JNDI bindings for session bean named 'IngredienteDAO' in deployment unit 'deployment "JaviCook-1.0-SNAPSHOT.war"' are as follows:

	java:global/JaviCook-1.0-SNAPSHOT/IngredienteDAO!dao.IngredienteDAO
	java:app/JaviCook-1.0-SNAPSHOT/IngredienteDAO!dao.IngredienteDAO
	java:module/IngredienteDAO!dao.IngredienteDAO
	java:global/JaviCook-1.0-SNAPSHOT/IngredienteDAO
	java:app/JaviCook-1.0-SNAPSHOT/IngredienteDAO
	java:module/IngredienteDAO

2024-09-05 16:16:39,340 INFO  [org.jboss.as.ejb3.deployment] (MSC service thread 1-6) WFLYEJB0473: JNDI bindings for session bean named 'UsuarioDAO' in deployment unit 'deployment "JaviCook-1.0-SNAPSHOT.war"' are as follows:

	java:global/JaviCook-1.0-SNAPSHOT/UsuarioDAO!dao.UsuarioDAO
	java:app/JaviCook-1.0-SNAPSHOT/UsuarioDAO!dao.UsuarioDAO
	java:module/UsuarioDAO!dao.UsuarioDAO
	java:global/JaviCook-1.0-SNAPSHOT/UsuarioDAO
	java:app/JaviCook-1.0-SNAPSHOT/UsuarioDAO
	java:module/UsuarioDAO

2024-09-05 16:16:39,577 INFO  [org.infinispan.CONTAINER] (ServerService Thread Pool -- 17) ISPN000128: Infinispan version: Infinispan 'Taedonggang' 12.1.7.Final
2024-09-05 16:16:39,844 INFO  [org.jboss.as.jpa] (ServerService Thread Pool -- 17) WFLYJPA0010: Starting Persistence Unit (phase 1 of 2) Service 'JaviCook-1.0-SNAPSHOT#recetaDS'
2024-09-05 16:16:39,908 INFO  [org.hibernate.jpa.internal.util.LogHelper] (ServerService Thread Pool -- 17) HHH000204: Processing PersistenceUnitInfo [
	name: recetaDS
	...]
2024-09-05 16:16:40,063 INFO  [io.jaegertracing.internal.JaegerTracer] (MSC service thread 1-6) No shutdown hook registered: Please call close() manually on application shutdown.
2024-09-05 16:16:40,070 INFO  [org.wildfly.microprofile.opentracing.smallrye] (MSC service thread 1-6) WFLYTRAC0001: Tracer initialized: JaegerTracer(version=Java-1.6.0, serviceName=JaviCook-1.0-SNAPSHOT.war, reporter=RemoteReporter(sender=org.wildfly.extension.microprofile.opentracing.spi.sender.WildFlySender@2b455e93, closeEnqueueTimeout=1000), sampler=ConstSampler(decision=true, tags={sampler.type=const, sampler.param=true}), tags={hostname=LAPTOP-E5RPR3KK, jaeger.version=Java-1.6.0, ip=172.29.224.1}, zipkinSharedRpcSpan=false, expandExceptionLogs=false, useTraceId128Bit=false)
2024-09-05 16:16:40,126 INFO  [org.hibernate.Version] (ServerService Thread Pool -- 17) HHH000412: Hibernate Core {5.3.23.Final}
2024-09-05 16:16:40,134 INFO  [org.hibernate.cfg.Environment] (ServerService Thread Pool -- 17) HHH000206: hibernate.properties not found
2024-09-05 16:16:40,555 INFO  [org.infinispan.CONFIG] (MSC service thread 1-1) ISPN000152: Passivation configured without an eviction policy being selected. Only manually evicted entities will be passivated.
2024-09-05 16:16:40,562 INFO  [org.infinispan.CONFIG] (MSC service thread 1-1) ISPN000152: Passivation configured without an eviction policy being selected. Only manually evicted entities will be passivated.
2024-09-05 16:16:40,717 INFO  [org.infinispan.CONTAINER] (ServerService Thread Pool -- 27) ISPN000556: Starting user marshaller 'org.wildfly.clustering.infinispan.spi.marshalling.InfinispanProtoStreamMarshaller'
2024-09-05 16:16:40,921 INFO  [org.jipijapa] (MSC service thread 1-2) JIPIORMV53020253: Second level cache enabled for JaviCook-1.0-SNAPSHOT#recetaDS
2024-09-05 16:16:41,160 INFO  [org.infinispan.CONTAINER] (ServerService Thread Pool -- 27) ISPN000025: wakeUpInterval is <= 0, not starting expired purge thread
2024-09-05 16:16:41,193 INFO  [org.hibernate.annotations.common.Version] (ServerService Thread Pool -- 17) HCANN000001: Hibernate Commons Annotations {5.0.5.Final}
2024-09-05 16:16:41,238 INFO  [org.jboss.as.clustering.infinispan] (ServerService Thread Pool -- 27) WFLYCLINF0002: Started http-remoting-connector cache from ejb container
2024-09-05 16:16:41,259 INFO  [org.jboss.as.connector.deployers.jdbc] (MSC service thread 1-2) WFLYJCA0005: Deploying non-JDBC-compliant driver class com.mysql.cj.jdbc.Driver (version 8.0)
2024-09-05 16:16:41,329 INFO  [org.jboss.weld.Version] (MSC service thread 1-2) WELD-000900: 3.1.8 (Final)
2024-09-05 16:16:41,682 INFO  [org.jboss.as.connector.deployers.jdbc] (MSC service thread 1-6) WFLYJCA0018: Started Driver service with driver-name = JaviCook-1.0-SNAPSHOT.war_com.mysql.cj.jdbc.Driver_8_0
2024-09-05 16:16:42,359 INFO  [org.jboss.as.jpa] (ServerService Thread Pool -- 17) WFLYJPA0010: Starting Persistence Unit (phase 2 of 2) Service 'JaviCook-1.0-SNAPSHOT#recetaDS'
2024-09-05 16:16:42,968 INFO  [org.hibernate.dialect.Dialect] (ServerService Thread Pool -- 17) HHH000400: Using dialect: org.hibernate.dialect.MySQL5InnoDBDialect
2024-09-05 16:16:43,091 INFO  [org.hibernate.envers.boot.internal.EnversServiceImpl] (ServerService Thread Pool -- 17) Envers integration enabled? : true
2024-09-05 16:16:45,759 WARN  [org.hibernate.tool.schema.internal.ExceptionHandlerLoggedImpl] (ServerService Thread Pool -- 17) GenerationTarget encountered exception accepting command : Error executing DDL "alter table comentario add constraint FKk1d9f48uo7h7clegbnx1slqd9 foreign key (receta_id) references receta (id)" via JDBC Statement: org.hibernate.tool.schema.spi.CommandAcceptanceException: Error executing DDL "alter table comentario add constraint FKk1d9f48uo7h7clegbnx1slqd9 foreign key (receta_id) references receta (id)" via JDBC Statement
	at org.hibernate@5.3.23.Final//org.hibernate.tool.schema.internal.exec.GenerationTargetToDatabase.accept(GenerationTargetToDatabase.java:67)
	at org.hibernate@5.3.23.Final//org.hibernate.tool.schema.internal.AbstractSchemaMigrator.applySqlString(AbstractSchemaMigrator.java:559)
	at org.hibernate@5.3.23.Final//org.hibernate.tool.schema.internal.AbstractSchemaMigrator.applySqlStrings(AbstractSchemaMigrator.java:504)
	at org.hibernate@5.3.23.Final//org.hibernate.tool.schema.internal.AbstractSchemaMigrator.applyForeignKeys(AbstractSchemaMigrator.java:433)
	at org.hibernate@5.3.23.Final//org.hibernate.tool.schema.internal.AbstractSchemaMigrator.performMigration(AbstractSchemaMigrator.java:249)
	at org.hibernate@5.3.23.Final//org.hibernate.tool.schema.internal.AbstractSchemaMigrator.doMigration(AbstractSchemaMigrator.java:114)
	at org.hibernate@5.3.23.Final//org.hibernate.tool.schema.spi.SchemaManagementToolCoordinator.performDatabaseAction(SchemaManagementToolCoordinator.java:183)
	at org.hibernate@5.3.23.Final//org.hibernate.tool.schema.spi.SchemaManagementToolCoordinator.process(SchemaManagementToolCoordinator.java:72)
	at org.hibernate@5.3.23.Final//org.hibernate.internal.SessionFactoryImpl.<init>(SessionFactoryImpl.java:310)
	at org.hibernate@5.3.23.Final//org.hibernate.boot.internal.SessionFactoryBuilderImpl.build(SessionFactoryBuilderImpl.java:467)
	at org.hibernate@5.3.23.Final//org.hibernate.jpa.boot.internal.EntityManagerFactoryBuilderImpl.build(EntityManagerFactoryBuilderImpl.java:1250)
	at org.hibernate.jipijapa-hibernate5-3@25.0.1.Final//org.jboss.as.jpa.hibernate5.TwoPhaseBootstrapImpl.build(TwoPhaseBootstrapImpl.java:44)
	at org.jboss.as.jpa@25.0.1.Final//org.jboss.as.jpa.service.PersistenceUnitServiceImpl$1$1.run(PersistenceUnitServiceImpl.java:170)
	at org.jboss.as.jpa@25.0.1.Final//org.jboss.as.jpa.service.PersistenceUnitServiceImpl$1$1.run(PersistenceUnitServiceImpl.java:128)
	at java.base/java.security.AccessController.doPrivileged(AccessController.java:391)
	at org.wildfly.security.elytron-base@1.17.1.Final//org.wildfly.security.manager.WildFlySecurityManager.doChecked(WildFlySecurityManager.java:664)
	at org.jboss.as.jpa@25.0.1.Final//org.jboss.as.jpa.service.PersistenceUnitServiceImpl$1.run(PersistenceUnitServiceImpl.java:213)
	at org.jboss.threads@2.4.0.Final//org.jboss.threads.ContextClassLoaderSavingRunnable.run(ContextClassLoaderSavingRunnable.java:35)
	at org.jboss.threads@2.4.0.Final//org.jboss.threads.EnhancedQueueExecutor.safeRun(EnhancedQueueExecutor.java:1990)
	at org.jboss.threads@2.4.0.Final//org.jboss.threads.EnhancedQueueExecutor$ThreadBody.doRunTask(EnhancedQueueExecutor.java:1486)
	at org.jboss.threads@2.4.0.Final//org.jboss.threads.EnhancedQueueExecutor$ThreadBody.run(EnhancedQueueExecutor.java:1377)
	at java.base/java.lang.Thread.run(Thread.java:832)
	at org.jboss.threads@2.4.0.Final//org.jboss.threads.JBossThread.run(JBossThread.java:513)
Caused by: java.sql.SQLException: Can't create table `recetas`.`comentario` (errno: 150 "Foreign key constraint is incorrectly formed")
	at com.mysql@5.1.48//com.mysql.jdbc.SQLError.createSQLException(SQLError.java:965)
	at com.mysql@5.1.48//com.mysql.jdbc.MysqlIO.checkErrorPacket(MysqlIO.java:3933)
	at com.mysql@5.1.48//com.mysql.jdbc.MysqlIO.checkErrorPacket(MysqlIO.java:3869)
	at com.mysql@5.1.48//com.mysql.jdbc.MysqlIO.sendCommand(MysqlIO.java:2524)
	at com.mysql@5.1.48//com.mysql.jdbc.MysqlIO.sqlQueryDirect(MysqlIO.java:2675)
	at com.mysql@5.1.48//com.mysql.jdbc.ConnectionImpl.execSQL(ConnectionImpl.java:2465)
	at com.mysql@5.1.48//com.mysql.jdbc.ConnectionImpl.execSQL(ConnectionImpl.java:2439)
	at com.mysql@5.1.48//com.mysql.jdbc.StatementImpl.executeInternal(StatementImpl.java:829)
	at com.mysql@5.1.48//com.mysql.jdbc.StatementImpl.execute(StatementImpl.java:729)
	at org.jboss.ironjacamar.jdbcadapters@1.5.2.Final//org.jboss.jca.adapters.jdbc.WrappedStatement.execute(WrappedStatement.java:198)
	at org.hibernate@5.3.23.Final//org.hibernate.tool.schema.internal.exec.GenerationTargetToDatabase.accept(GenerationTargetToDatabase.java:54)
	... 22 more

2024-09-05 16:16:45,788 WARN  [org.hibernate.tool.schema.internal.ExceptionHandlerLoggedImpl] (ServerService Thread Pool -- 17) GenerationTarget encountered exception accepting command : Error executing DDL "alter table comentario add constraint FKixspmid2pb85o8ypsd20jakxg foreign key (usuario_id) references usuario (id)" via JDBC Statement: org.hibernate.tool.schema.spi.CommandAcceptanceException: Error executing DDL "alter table comentario add constraint FKixspmid2pb85o8ypsd20jakxg foreign key (usuario_id) references usuario (id)" via JDBC Statement
	at org.hibernate@5.3.23.Final//org.hibernate.tool.schema.internal.exec.GenerationTargetToDatabase.accept(GenerationTargetToDatabase.java:67)
	at org.hibernate@5.3.23.Final//org.hibernate.tool.schema.internal.AbstractSchemaMigrator.applySqlString(AbstractSchemaMigrator.java:559)
	at org.hibernate@5.3.23.Final//org.hibernate.tool.schema.internal.AbstractSchemaMigrator.applySqlStrings(AbstractSchemaMigrator.java:504)
	at org.hibernate@5.3.23.Final//org.hibernate.tool.schema.internal.AbstractSchemaMigrator.applyForeignKeys(AbstractSchemaMigrator.java:433)
	at org.hibernate@5.3.23.Final//org.hibernate.tool.schema.internal.AbstractSchemaMigrator.performMigration(AbstractSchemaMigrator.java:249)
	at org.hibernate@5.3.23.Final//org.hibernate.tool.schema.internal.AbstractSchemaMigrator.doMigration(AbstractSchemaMigrator.java:114)
	at org.hibernate@5.3.23.Final//org.hibernate.tool.schema.spi.SchemaManagementToolCoordinator.performDatabaseAction(SchemaManagementToolCoordinator.java:183)
	at org.hibernate@5.3.23.Final//org.hibernate.tool.schema.spi.SchemaManagementToolCoordinator.process(SchemaManagementToolCoordinator.java:72)
	at org.hibernate@5.3.23.Final//org.hibernate.internal.SessionFactoryImpl.<init>(SessionFactoryImpl.java:310)
	at org.hibernate@5.3.23.Final//org.hibernate.boot.internal.SessionFactoryBuilderImpl.build(SessionFactoryBuilderImpl.java:467)
	at org.hibernate@5.3.23.Final//org.hibernate.jpa.boot.internal.EntityManagerFactoryBuilderImpl.build(EntityManagerFactoryBuilderImpl.java:1250)
	at org.hibernate.jipijapa-hibernate5-3@25.0.1.Final//org.jboss.as.jpa.hibernate5.TwoPhaseBootstrapImpl.build(TwoPhaseBootstrapImpl.java:44)
	at org.jboss.as.jpa@25.0.1.Final//org.jboss.as.jpa.service.PersistenceUnitServiceImpl$1$1.run(PersistenceUnitServiceImpl.java:170)
	at org.jboss.as.jpa@25.0.1.Final//org.jboss.as.jpa.service.PersistenceUnitServiceImpl$1$1.run(PersistenceUnitServiceImpl.java:128)
	at java.base/java.security.AccessController.doPrivileged(AccessController.java:391)
	at org.wildfly.security.elytron-base@1.17.1.Final//org.wildfly.security.manager.WildFlySecurityManager.doChecked(WildFlySecurityManager.java:664)
	at org.jboss.as.jpa@25.0.1.Final//org.jboss.as.jpa.service.PersistenceUnitServiceImpl$1.run(PersistenceUnitServiceImpl.java:213)
	at org.jboss.threads@2.4.0.Final//org.jboss.threads.ContextClassLoaderSavingRunnable.run(ContextClassLoaderSavingRunnable.java:35)
	at org.jboss.threads@2.4.0.Final//org.jboss.threads.EnhancedQueueExecutor.safeRun(EnhancedQueueExecutor.java:1990)
	at org.jboss.threads@2.4.0.Final//org.jboss.threads.EnhancedQueueExecutor$ThreadBody.doRunTask(EnhancedQueueExecutor.java:1486)
	at org.jboss.threads@2.4.0.Final//org.jboss.threads.EnhancedQueueExecutor$ThreadBody.run(EnhancedQueueExecutor.java:1377)
	at java.base/java.lang.Thread.run(Thread.java:832)
	at org.jboss.threads@2.4.0.Final//org.jboss.threads.JBossThread.run(JBossThread.java:513)
Caused by: java.sql.SQLException: Can't create table `recetas`.`comentario` (errno: 150 "Foreign key constraint is incorrectly formed")
	at com.mysql@5.1.48//com.mysql.jdbc.SQLError.createSQLException(SQLError.java:965)
	at com.mysql@5.1.48//com.mysql.jdbc.MysqlIO.checkErrorPacket(MysqlIO.java:3933)
	at com.mysql@5.1.48//com.mysql.jdbc.MysqlIO.checkErrorPacket(MysqlIO.java:3869)
	at com.mysql@5.1.48//com.mysql.jdbc.MysqlIO.sendCommand(MysqlIO.java:2524)
	at com.mysql@5.1.48//com.mysql.jdbc.MysqlIO.sqlQueryDirect(MysqlIO.java:2675)
	at com.mysql@5.1.48//com.mysql.jdbc.ConnectionImpl.execSQL(ConnectionImpl.java:2465)
	at com.mysql@5.1.48//com.mysql.jdbc.ConnectionImpl.execSQL(ConnectionImpl.java:2439)
	at com.mysql@5.1.48//com.mysql.jdbc.StatementImpl.executeInternal(StatementImpl.java:829)
	at com.mysql@5.1.48//com.mysql.jdbc.StatementImpl.execute(StatementImpl.java:729)
	at org.jboss.ironjacamar.jdbcadapters@1.5.2.Final//org.jboss.jca.adapters.jdbc.WrappedStatement.execute(WrappedStatement.java:198)
	at org.hibernate@5.3.23.Final//org.hibernate.tool.schema.internal.exec.GenerationTargetToDatabase.accept(GenerationTargetToDatabase.java:54)
	... 22 more

2024-09-05 16:16:45,817 WARN  [org.hibernate.tool.schema.internal.ExceptionHandlerLoggedImpl] (ServerService Thread Pool -- 17) GenerationTarget encountered exception accepting command : Error executing DDL "alter table pasos_receta add constraint FKna4jbb5khhwv763fgmt0pps5b foreign key (RECETA_ID) references receta (id)" via JDBC Statement: org.hibernate.tool.schema.spi.CommandAcceptanceException: Error executing DDL "alter table pasos_receta add constraint FKna4jbb5khhwv763fgmt0pps5b foreign key (RECETA_ID) references receta (id)" via JDBC Statement
	at org.hibernate@5.3.23.Final//org.hibernate.tool.schema.internal.exec.GenerationTargetToDatabase.accept(GenerationTargetToDatabase.java:67)
	at org.hibernate@5.3.23.Final//org.hibernate.tool.schema.internal.AbstractSchemaMigrator.applySqlString(AbstractSchemaMigrator.java:559)
	at org.hibernate@5.3.23.Final//org.hibernate.tool.schema.internal.AbstractSchemaMigrator.applySqlStrings(AbstractSchemaMigrator.java:504)
	at org.hibernate@5.3.23.Final//org.hibernate.tool.schema.internal.AbstractSchemaMigrator.applyForeignKeys(AbstractSchemaMigrator.java:433)
	at org.hibernate@5.3.23.Final//org.hibernate.tool.schema.internal.AbstractSchemaMigrator.performMigration(AbstractSchemaMigrator.java:249)
	at org.hibernate@5.3.23.Final//org.hibernate.tool.schema.internal.AbstractSchemaMigrator.doMigration(AbstractSchemaMigrator.java:114)
	at org.hibernate@5.3.23.Final//org.hibernate.tool.schema.spi.SchemaManagementToolCoordinator.performDatabaseAction(SchemaManagementToolCoordinator.java:183)
	at org.hibernate@5.3.23.Final//org.hibernate.tool.schema.spi.SchemaManagementToolCoordinator.process(SchemaManagementToolCoordinator.java:72)
	at org.hibernate@5.3.23.Final//org.hibernate.internal.SessionFactoryImpl.<init>(SessionFactoryImpl.java:310)
	at org.hibernate@5.3.23.Final//org.hibernate.boot.internal.SessionFactoryBuilderImpl.build(SessionFactoryBuilderImpl.java:467)
	at org.hibernate@5.3.23.Final//org.hibernate.jpa.boot.internal.EntityManagerFactoryBuilderImpl.build(EntityManagerFactoryBuilderImpl.java:1250)
	at org.hibernate.jipijapa-hibernate5-3@25.0.1.Final//org.jboss.as.jpa.hibernate5.TwoPhaseBootstrapImpl.build(TwoPhaseBootstrapImpl.java:44)
	at org.jboss.as.jpa@25.0.1.Final//org.jboss.as.jpa.service.PersistenceUnitServiceImpl$1$1.run(PersistenceUnitServiceImpl.java:170)
	at org.jboss.as.jpa@25.0.1.Final//org.jboss.as.jpa.service.PersistenceUnitServiceImpl$1$1.run(PersistenceUnitServiceImpl.java:128)
	at java.base/java.security.AccessController.doPrivileged(AccessController.java:391)
	at org.wildfly.security.elytron-base@1.17.1.Final//org.wildfly.security.manager.WildFlySecurityManager.doChecked(WildFlySecurityManager.java:664)
	at org.jboss.as.jpa@25.0.1.Final//org.jboss.as.jpa.service.PersistenceUnitServiceImpl$1.run(PersistenceUnitServiceImpl.java:213)
	at org.jboss.threads@2.4.0.Final//org.jboss.threads.ContextClassLoaderSavingRunnable.run(ContextClassLoaderSavingRunnable.java:35)
	at org.jboss.threads@2.4.0.Final//org.jboss.threads.EnhancedQueueExecutor.safeRun(EnhancedQueueExecutor.java:1990)
	at org.jboss.threads@2.4.0.Final//org.jboss.threads.EnhancedQueueExecutor$ThreadBody.doRunTask(EnhancedQueueExecutor.java:1486)
	at org.jboss.threads@2.4.0.Final//org.jboss.threads.EnhancedQueueExecutor$ThreadBody.run(EnhancedQueueExecutor.java:1377)
	at java.base/java.lang.Thread.run(Thread.java:832)
	at org.jboss.threads@2.4.0.Final//org.jboss.threads.JBossThread.run(JBossThread.java:513)
Caused by: java.sql.SQLException: Can't create table `recetas`.`pasos_receta` (errno: 150 "Foreign key constraint is incorrectly formed")
	at com.mysql@5.1.48//com.mysql.jdbc.SQLError.createSQLException(SQLError.java:965)
	at com.mysql@5.1.48//com.mysql.jdbc.MysqlIO.checkErrorPacket(MysqlIO.java:3933)
	at com.mysql@5.1.48//com.mysql.jdbc.MysqlIO.checkErrorPacket(MysqlIO.java:3869)
	at com.mysql@5.1.48//com.mysql.jdbc.MysqlIO.sendCommand(MysqlIO.java:2524)
	at com.mysql@5.1.48//com.mysql.jdbc.MysqlIO.sqlQueryDirect(MysqlIO.java:2675)
	at com.mysql@5.1.48//com.mysql.jdbc.ConnectionImpl.execSQL(ConnectionImpl.java:2465)
	at com.mysql@5.1.48//com.mysql.jdbc.ConnectionImpl.execSQL(ConnectionImpl.java:2439)
	at com.mysql@5.1.48//com.mysql.jdbc.StatementImpl.executeInternal(StatementImpl.java:829)
	at com.mysql@5.1.48//com.mysql.jdbc.StatementImpl.execute(StatementImpl.java:729)
	at org.jboss.ironjacamar.jdbcadapters@1.5.2.Final//org.jboss.jca.adapters.jdbc.WrappedStatement.execute(WrappedStatement.java:198)
	at org.hibernate@5.3.23.Final//org.hibernate.tool.schema.internal.exec.GenerationTargetToDatabase.accept(GenerationTargetToDatabase.java:54)
	... 22 more

2024-09-05 16:16:45,875 WARN  [org.hibernate.tool.schema.internal.ExceptionHandlerLoggedImpl] (ServerService Thread Pool -- 17) GenerationTarget encountered exception accepting command : Error executing DDL "alter table receta_ingrediente add constraint FKola73sxe45b3oyhcbddrapwi4 foreign key (id_ingrediente) references ingrediente (id)" via JDBC Statement: org.hibernate.tool.schema.spi.CommandAcceptanceException: Error executing DDL "alter table receta_ingrediente add constraint FKola73sxe45b3oyhcbddrapwi4 foreign key (id_ingrediente) references ingrediente (id)" via JDBC Statement
	at org.hibernate@5.3.23.Final//org.hibernate.tool.schema.internal.exec.GenerationTargetToDatabase.accept(GenerationTargetToDatabase.java:67)
	at org.hibernate@5.3.23.Final//org.hibernate.tool.schema.internal.AbstractSchemaMigrator.applySqlString(AbstractSchemaMigrator.java:559)
	at org.hibernate@5.3.23.Final//org.hibernate.tool.schema.internal.AbstractSchemaMigrator.applySqlStrings(AbstractSchemaMigrator.java:504)
	at org.hibernate@5.3.23.Final//org.hibernate.tool.schema.internal.AbstractSchemaMigrator.applyForeignKeys(AbstractSchemaMigrator.java:433)
	at org.hibernate@5.3.23.Final//org.hibernate.tool.schema.internal.AbstractSchemaMigrator.performMigration(AbstractSchemaMigrator.java:249)
	at org.hibernate@5.3.23.Final//org.hibernate.tool.schema.internal.AbstractSchemaMigrator.doMigration(AbstractSchemaMigrator.java:114)
	at org.hibernate@5.3.23.Final//org.hibernate.tool.schema.spi.SchemaManagementToolCoordinator.performDatabaseAction(SchemaManagementToolCoordinator.java:183)
	at org.hibernate@5.3.23.Final//org.hibernate.tool.schema.spi.SchemaManagementToolCoordinator.process(SchemaManagementToolCoordinator.java:72)
	at org.hibernate@5.3.23.Final//org.hibernate.internal.SessionFactoryImpl.<init>(SessionFactoryImpl.java:310)
	at org.hibernate@5.3.23.Final//org.hibernate.boot.internal.SessionFactoryBuilderImpl.build(SessionFactoryBuilderImpl.java:467)
	at org.hibernate@5.3.23.Final//org.hibernate.jpa.boot.internal.EntityManagerFactoryBuilderImpl.build(EntityManagerFactoryBuilderImpl.java:1250)
	at org.hibernate.jipijapa-hibernate5-3@25.0.1.Final//org.jboss.as.jpa.hibernate5.TwoPhaseBootstrapImpl.build(TwoPhaseBootstrapImpl.java:44)
	at org.jboss.as.jpa@25.0.1.Final//org.jboss.as.jpa.service.PersistenceUnitServiceImpl$1$1.run(PersistenceUnitServiceImpl.java:170)
	at org.jboss.as.jpa@25.0.1.Final//org.jboss.as.jpa.service.PersistenceUnitServiceImpl$1$1.run(PersistenceUnitServiceImpl.java:128)
	at java.base/java.security.AccessController.doPrivileged(AccessController.java:391)
	at org.wildfly.security.elytron-base@1.17.1.Final//org.wildfly.security.manager.WildFlySecurityManager.doChecked(WildFlySecurityManager.java:664)
	at org.jboss.as.jpa@25.0.1.Final//org.jboss.as.jpa.service.PersistenceUnitServiceImpl$1.run(PersistenceUnitServiceImpl.java:213)
	at org.jboss.threads@2.4.0.Final//org.jboss.threads.ContextClassLoaderSavingRunnable.run(ContextClassLoaderSavingRunnable.java:35)
	at org.jboss.threads@2.4.0.Final//org.jboss.threads.EnhancedQueueExecutor.safeRun(EnhancedQueueExecutor.java:1990)
	at org.jboss.threads@2.4.0.Final//org.jboss.threads.EnhancedQueueExecutor$ThreadBody.doRunTask(EnhancedQueueExecutor.java:1486)
	at org.jboss.threads@2.4.0.Final//org.jboss.threads.EnhancedQueueExecutor$ThreadBody.run(EnhancedQueueExecutor.java:1377)
	at java.base/java.lang.Thread.run(Thread.java:832)
	at org.jboss.threads@2.4.0.Final//org.jboss.threads.JBossThread.run(JBossThread.java:513)
Caused by: java.sql.SQLException: Can't create table `recetas`.`receta_ingrediente` (errno: 150 "Foreign key constraint is incorrectly formed")
	at com.mysql@5.1.48//com.mysql.jdbc.SQLError.createSQLException(SQLError.java:965)
	at com.mysql@5.1.48//com.mysql.jdbc.MysqlIO.checkErrorPacket(MysqlIO.java:3933)
	at com.mysql@5.1.48//com.mysql.jdbc.MysqlIO.checkErrorPacket(MysqlIO.java:3869)
	at com.mysql@5.1.48//com.mysql.jdbc.MysqlIO.sendCommand(MysqlIO.java:2524)
	at com.mysql@5.1.48//com.mysql.jdbc.MysqlIO.sqlQueryDirect(MysqlIO.java:2675)
	at com.mysql@5.1.48//com.mysql.jdbc.ConnectionImpl.execSQL(ConnectionImpl.java:2465)
	at com.mysql@5.1.48//com.mysql.jdbc.ConnectionImpl.execSQL(ConnectionImpl.java:2439)
	at com.mysql@5.1.48//com.mysql.jdbc.StatementImpl.executeInternal(StatementImpl.java:829)
	at com.mysql@5.1.48//com.mysql.jdbc.StatementImpl.execute(StatementImpl.java:729)
	at org.jboss.ironjacamar.jdbcadapters@1.5.2.Final//org.jboss.jca.adapters.jdbc.WrappedStatement.execute(WrappedStatement.java:198)
	at org.hibernate@5.3.23.Final//org.hibernate.tool.schema.internal.exec.GenerationTargetToDatabase.accept(GenerationTargetToDatabase.java:54)
	... 22 more

2024-09-05 16:16:45,902 WARN  [org.hibernate.tool.schema.internal.ExceptionHandlerLoggedImpl] (ServerService Thread Pool -- 17) GenerationTarget encountered exception accepting command : Error executing DDL "alter table receta_ingrediente add constraint FKblhf7nm4vdsnsqw94tm2onqmm foreign key (id_receta) references receta (id)" via JDBC Statement: org.hibernate.tool.schema.spi.CommandAcceptanceException: Error executing DDL "alter table receta_ingrediente add constraint FKblhf7nm4vdsnsqw94tm2onqmm foreign key (id_receta) references receta (id)" via JDBC Statement
	at org.hibernate@5.3.23.Final//org.hibernate.tool.schema.internal.exec.GenerationTargetToDatabase.accept(GenerationTargetToDatabase.java:67)
	at org.hibernate@5.3.23.Final//org.hibernate.tool.schema.internal.AbstractSchemaMigrator.applySqlString(AbstractSchemaMigrator.java:559)
	at org.hibernate@5.3.23.Final//org.hibernate.tool.schema.internal.AbstractSchemaMigrator.applySqlStrings(AbstractSchemaMigrator.java:504)
	at org.hibernate@5.3.23.Final//org.hibernate.tool.schema.internal.AbstractSchemaMigrator.applyForeignKeys(AbstractSchemaMigrator.java:433)
	at org.hibernate@5.3.23.Final//org.hibernate.tool.schema.internal.AbstractSchemaMigrator.performMigration(AbstractSchemaMigrator.java:249)
	at org.hibernate@5.3.23.Final//org.hibernate.tool.schema.internal.AbstractSchemaMigrator.doMigration(AbstractSchemaMigrator.java:114)
	at org.hibernate@5.3.23.Final//org.hibernate.tool.schema.spi.SchemaManagementToolCoordinator.performDatabaseAction(SchemaManagementToolCoordinator.java:183)
	at org.hibernate@5.3.23.Final//org.hibernate.tool.schema.spi.SchemaManagementToolCoordinator.process(SchemaManagementToolCoordinator.java:72)
	at org.hibernate@5.3.23.Final//org.hibernate.internal.SessionFactoryImpl.<init>(SessionFactoryImpl.java:310)
	at org.hibernate@5.3.23.Final//org.hibernate.boot.internal.SessionFactoryBuilderImpl.build(SessionFactoryBuilderImpl.java:467)
	at org.hibernate@5.3.23.Final//org.hibernate.jpa.boot.internal.EntityManagerFactoryBuilderImpl.build(EntityManagerFactoryBuilderImpl.java:1250)
	at org.hibernate.jipijapa-hibernate5-3@25.0.1.Final//org.jboss.as.jpa.hibernate5.TwoPhaseBootstrapImpl.build(TwoPhaseBootstrapImpl.java:44)
	at org.jboss.as.jpa@25.0.1.Final//org.jboss.as.jpa.service.PersistenceUnitServiceImpl$1$1.run(PersistenceUnitServiceImpl.java:170)
	at org.jboss.as.jpa@25.0.1.Final//org.jboss.as.jpa.service.PersistenceUnitServiceImpl$1$1.run(PersistenceUnitServiceImpl.java:128)
	at java.base/java.security.AccessController.doPrivileged(AccessController.java:391)
	at org.wildfly.security.elytron-base@1.17.1.Final//org.wildfly.security.manager.WildFlySecurityManager.doChecked(WildFlySecurityManager.java:664)
	at org.jboss.as.jpa@25.0.1.Final//org.jboss.as.jpa.service.PersistenceUnitServiceImpl$1.run(PersistenceUnitServiceImpl.java:213)
	at org.jboss.threads@2.4.0.Final//org.jboss.threads.ContextClassLoaderSavingRunnable.run(ContextClassLoaderSavingRunnable.java:35)
	at org.jboss.threads@2.4.0.Final//org.jboss.threads.EnhancedQueueExecutor.safeRun(EnhancedQueueExecutor.java:1990)
	at org.jboss.threads@2.4.0.Final//org.jboss.threads.EnhancedQueueExecutor$ThreadBody.doRunTask(EnhancedQueueExecutor.java:1486)
	at org.jboss.threads@2.4.0.Final//org.jboss.threads.EnhancedQueueExecutor$ThreadBody.run(EnhancedQueueExecutor.java:1377)
	at java.base/java.lang.Thread.run(Thread.java:832)
	at org.jboss.threads@2.4.0.Final//org.jboss.threads.JBossThread.run(JBossThread.java:513)
Caused by: java.sql.SQLException: Can't create table `recetas`.`receta_ingrediente` (errno: 150 "Foreign key constraint is incorrectly formed")
	at com.mysql@5.1.48//com.mysql.jdbc.SQLError.createSQLException(SQLError.java:965)
	at com.mysql@5.1.48//com.mysql.jdbc.MysqlIO.checkErrorPacket(MysqlIO.java:3933)
	at com.mysql@5.1.48//com.mysql.jdbc.MysqlIO.checkErrorPacket(MysqlIO.java:3869)
	at com.mysql@5.1.48//com.mysql.jdbc.MysqlIO.sendCommand(MysqlIO.java:2524)
	at com.mysql@5.1.48//com.mysql.jdbc.MysqlIO.sqlQueryDirect(MysqlIO.java:2675)
	at com.mysql@5.1.48//com.mysql.jdbc.ConnectionImpl.execSQL(ConnectionImpl.java:2465)
	at com.mysql@5.1.48//com.mysql.jdbc.ConnectionImpl.execSQL(ConnectionImpl.java:2439)
	at com.mysql@5.1.48//com.mysql.jdbc.StatementImpl.executeInternal(StatementImpl.java:829)
	at com.mysql@5.1.48//com.mysql.jdbc.StatementImpl.execute(StatementImpl.java:729)
	at org.jboss.ironjacamar.jdbcadapters@1.5.2.Final//org.jboss.jca.adapters.jdbc.WrappedStatement.execute(WrappedStatement.java:198)
	at org.hibernate@5.3.23.Final//org.hibernate.tool.schema.internal.exec.GenerationTargetToDatabase.accept(GenerationTargetToDatabase.java:54)
	... 22 more

2024-09-05 16:16:45,929 WARN  [org.hibernate.tool.schema.internal.ExceptionHandlerLoggedImpl] (ServerService Thread Pool -- 17) GenerationTarget encountered exception accepting command : Error executing DDL "alter table receta_ingredientes_cantidades add constraint FKeshgjdftwwoy4tqcimtqhhfgf foreign key (RECETA_ID) references receta (id)" via JDBC Statement: org.hibernate.tool.schema.spi.CommandAcceptanceException: Error executing DDL "alter table receta_ingredientes_cantidades add constraint FKeshgjdftwwoy4tqcimtqhhfgf foreign key (RECETA_ID) references receta (id)" via JDBC Statement
	at org.hibernate@5.3.23.Final//org.hibernate.tool.schema.internal.exec.GenerationTargetToDatabase.accept(GenerationTargetToDatabase.java:67)
	at org.hibernate@5.3.23.Final//org.hibernate.tool.schema.internal.AbstractSchemaMigrator.applySqlString(AbstractSchemaMigrator.java:559)
	at org.hibernate@5.3.23.Final//org.hibernate.tool.schema.internal.AbstractSchemaMigrator.applySqlStrings(AbstractSchemaMigrator.java:504)
	at org.hibernate@5.3.23.Final//org.hibernate.tool.schema.internal.AbstractSchemaMigrator.applyForeignKeys(AbstractSchemaMigrator.java:433)
	at org.hibernate@5.3.23.Final//org.hibernate.tool.schema.internal.AbstractSchemaMigrator.performMigration(AbstractSchemaMigrator.java:249)
	at org.hibernate@5.3.23.Final//org.hibernate.tool.schema.internal.AbstractSchemaMigrator.doMigration(AbstractSchemaMigrator.java:114)
	at org.hibernate@5.3.23.Final//org.hibernate.tool.schema.spi.SchemaManagementToolCoordinator.performDatabaseAction(SchemaManagementToolCoordinator.java:183)
	at org.hibernate@5.3.23.Final//org.hibernate.tool.schema.spi.SchemaManagementToolCoordinator.process(SchemaManagementToolCoordinator.java:72)
	at org.hibernate@5.3.23.Final//org.hibernate.internal.SessionFactoryImpl.<init>(SessionFactoryImpl.java:310)
	at org.hibernate@5.3.23.Final//org.hibernate.boot.internal.SessionFactoryBuilderImpl.build(SessionFactoryBuilderImpl.java:467)
	at org.hibernate@5.3.23.Final//org.hibernate.jpa.boot.internal.EntityManagerFactoryBuilderImpl.build(EntityManagerFactoryBuilderImpl.java:1250)
	at org.hibernate.jipijapa-hibernate5-3@25.0.1.Final//org.jboss.as.jpa.hibernate5.TwoPhaseBootstrapImpl.build(TwoPhaseBootstrapImpl.java:44)
	at org.jboss.as.jpa@25.0.1.Final//org.jboss.as.jpa.service.PersistenceUnitServiceImpl$1$1.run(PersistenceUnitServiceImpl.java:170)
	at org.jboss.as.jpa@25.0.1.Final//org.jboss.as.jpa.service.PersistenceUnitServiceImpl$1$1.run(PersistenceUnitServiceImpl.java:128)
	at java.base/java.security.AccessController.doPrivileged(AccessController.java:391)
	at org.wildfly.security.elytron-base@1.17.1.Final//org.wildfly.security.manager.WildFlySecurityManager.doChecked(WildFlySecurityManager.java:664)
	at org.jboss.as.jpa@25.0.1.Final//org.jboss.as.jpa.service.PersistenceUnitServiceImpl$1.run(PersistenceUnitServiceImpl.java:213)
	at org.jboss.threads@2.4.0.Final//org.jboss.threads.ContextClassLoaderSavingRunnable.run(ContextClassLoaderSavingRunnable.java:35)
	at org.jboss.threads@2.4.0.Final//org.jboss.threads.EnhancedQueueExecutor.safeRun(EnhancedQueueExecutor.java:1990)
	at org.jboss.threads@2.4.0.Final//org.jboss.threads.EnhancedQueueExecutor$ThreadBody.doRunTask(EnhancedQueueExecutor.java:1486)
	at org.jboss.threads@2.4.0.Final//org.jboss.threads.EnhancedQueueExecutor$ThreadBody.run(EnhancedQueueExecutor.java:1377)
	at java.base/java.lang.Thread.run(Thread.java:832)
	at org.jboss.threads@2.4.0.Final//org.jboss.threads.JBossThread.run(JBossThread.java:513)
Caused by: java.sql.SQLException: Can't create table `recetas`.`receta_ingredientes_cantidades` (errno: 150 "Foreign key constraint is incorrectly formed")
	at com.mysql@5.1.48//com.mysql.jdbc.SQLError.createSQLException(SQLError.java:965)
	at com.mysql@5.1.48//com.mysql.jdbc.MysqlIO.checkErrorPacket(MysqlIO.java:3933)
	at com.mysql@5.1.48//com.mysql.jdbc.MysqlIO.checkErrorPacket(MysqlIO.java:3869)
	at com.mysql@5.1.48//com.mysql.jdbc.MysqlIO.sendCommand(MysqlIO.java:2524)
	at com.mysql@5.1.48//com.mysql.jdbc.MysqlIO.sqlQueryDirect(MysqlIO.java:2675)
	at com.mysql@5.1.48//com.mysql.jdbc.ConnectionImpl.execSQL(ConnectionImpl.java:2465)
	at com.mysql@5.1.48//com.mysql.jdbc.ConnectionImpl.execSQL(ConnectionImpl.java:2439)
	at com.mysql@5.1.48//com.mysql.jdbc.StatementImpl.executeInternal(StatementImpl.java:829)
	at com.mysql@5.1.48//com.mysql.jdbc.StatementImpl.execute(StatementImpl.java:729)
	at org.jboss.ironjacamar.jdbcadapters@1.5.2.Final//org.jboss.jca.adapters.jdbc.WrappedStatement.execute(WrappedStatement.java:198)
	at org.hibernate@5.3.23.Final//org.hibernate.tool.schema.internal.exec.GenerationTargetToDatabase.accept(GenerationTargetToDatabase.java:54)
	... 22 more

2024-09-05 16:16:45,953 WARN  [org.hibernate.tool.schema.internal.ExceptionHandlerLoggedImpl] (ServerService Thread Pool -- 17) GenerationTarget encountered exception accepting command : Error executing DDL "alter table usuario_favorito_receta add constraint FKc6p99nb9so5diwlwy43pn0db1 foreign key (receta_id) references receta (id)" via JDBC Statement: org.hibernate.tool.schema.spi.CommandAcceptanceException: Error executing DDL "alter table usuario_favorito_receta add constraint FKc6p99nb9so5diwlwy43pn0db1 foreign key (receta_id) references receta (id)" via JDBC Statement
	at org.hibernate@5.3.23.Final//org.hibernate.tool.schema.internal.exec.GenerationTargetToDatabase.accept(GenerationTargetToDatabase.java:67)
	at org.hibernate@5.3.23.Final//org.hibernate.tool.schema.internal.AbstractSchemaMigrator.applySqlString(AbstractSchemaMigrator.java:559)
	at org.hibernate@5.3.23.Final//org.hibernate.tool.schema.internal.AbstractSchemaMigrator.applySqlStrings(AbstractSchemaMigrator.java:504)
	at org.hibernate@5.3.23.Final//org.hibernate.tool.schema.internal.AbstractSchemaMigrator.applyForeignKeys(AbstractSchemaMigrator.java:433)
	at org.hibernate@5.3.23.Final//org.hibernate.tool.schema.internal.AbstractSchemaMigrator.performMigration(AbstractSchemaMigrator.java:249)
	at org.hibernate@5.3.23.Final//org.hibernate.tool.schema.internal.AbstractSchemaMigrator.doMigration(AbstractSchemaMigrator.java:114)
	at org.hibernate@5.3.23.Final//org.hibernate.tool.schema.spi.SchemaManagementToolCoordinator.performDatabaseAction(SchemaManagementToolCoordinator.java:183)
	at org.hibernate@5.3.23.Final//org.hibernate.tool.schema.spi.SchemaManagementToolCoordinator.process(SchemaManagementToolCoordinator.java:72)
	at org.hibernate@5.3.23.Final//org.hibernate.internal.SessionFactoryImpl.<init>(SessionFactoryImpl.java:310)
	at org.hibernate@5.3.23.Final//org.hibernate.boot.internal.SessionFactoryBuilderImpl.build(SessionFactoryBuilderImpl.java:467)
	at org.hibernate@5.3.23.Final//org.hibernate.jpa.boot.internal.EntityManagerFactoryBuilderImpl.build(EntityManagerFactoryBuilderImpl.java:1250)
	at org.hibernate.jipijapa-hibernate5-3@25.0.1.Final//org.jboss.as.jpa.hibernate5.TwoPhaseBootstrapImpl.build(TwoPhaseBootstrapImpl.java:44)
	at org.jboss.as.jpa@25.0.1.Final//org.jboss.as.jpa.service.PersistenceUnitServiceImpl$1$1.run(PersistenceUnitServiceImpl.java:170)
	at org.jboss.as.jpa@25.0.1.Final//org.jboss.as.jpa.service.PersistenceUnitServiceImpl$1$1.run(PersistenceUnitServiceImpl.java:128)
	at java.base/java.security.AccessController.doPrivileged(AccessController.java:391)
	at org.wildfly.security.elytron-base@1.17.1.Final//org.wildfly.security.manager.WildFlySecurityManager.doChecked(WildFlySecurityManager.java:664)
	at org.jboss.as.jpa@25.0.1.Final//org.jboss.as.jpa.service.PersistenceUnitServiceImpl$1.run(PersistenceUnitServiceImpl.java:213)
	at org.jboss.threads@2.4.0.Final//org.jboss.threads.ContextClassLoaderSavingRunnable.run(ContextClassLoaderSavingRunnable.java:35)
	at org.jboss.threads@2.4.0.Final//org.jboss.threads.EnhancedQueueExecutor.safeRun(EnhancedQueueExecutor.java:1990)
	at org.jboss.threads@2.4.0.Final//org.jboss.threads.EnhancedQueueExecutor$ThreadBody.doRunTask(EnhancedQueueExecutor.java:1486)
	at org.jboss.threads@2.4.0.Final//org.jboss.threads.EnhancedQueueExecutor$ThreadBody.run(EnhancedQueueExecutor.java:1377)
	at java.base/java.lang.Thread.run(Thread.java:832)
	at org.jboss.threads@2.4.0.Final//org.jboss.threads.JBossThread.run(JBossThread.java:513)
Caused by: java.sql.SQLException: Can't create table `recetas`.`usuario_favorito_receta` (errno: 150 "Foreign key constraint is incorrectly formed")
	at com.mysql@5.1.48//com.mysql.jdbc.SQLError.createSQLException(SQLError.java:965)
	at com.mysql@5.1.48//com.mysql.jdbc.MysqlIO.checkErrorPacket(MysqlIO.java:3933)
	at com.mysql@5.1.48//com.mysql.jdbc.MysqlIO.checkErrorPacket(MysqlIO.java:3869)
	at com.mysql@5.1.48//com.mysql.jdbc.MysqlIO.sendCommand(MysqlIO.java:2524)
	at com.mysql@5.1.48//com.mysql.jdbc.MysqlIO.sqlQueryDirect(MysqlIO.java:2675)
	at com.mysql@5.1.48//com.mysql.jdbc.ConnectionImpl.execSQL(ConnectionImpl.java:2465)
	at com.mysql@5.1.48//com.mysql.jdbc.ConnectionImpl.execSQL(ConnectionImpl.java:2439)
	at com.mysql@5.1.48//com.mysql.jdbc.StatementImpl.executeInternal(StatementImpl.java:829)
	at com.mysql@5.1.48//com.mysql.jdbc.StatementImpl.execute(StatementImpl.java:729)
	at org.jboss.ironjacamar.jdbcadapters@1.5.2.Final//org.jboss.jca.adapters.jdbc.WrappedStatement.execute(WrappedStatement.java:198)
	at org.hibernate@5.3.23.Final//org.hibernate.tool.schema.internal.exec.GenerationTargetToDatabase.accept(GenerationTargetToDatabase.java:54)
	... 22 more

2024-09-05 16:16:45,981 WARN  [org.hibernate.tool.schema.internal.ExceptionHandlerLoggedImpl] (ServerService Thread Pool -- 17) GenerationTarget encountered exception accepting command : Error executing DDL "alter table usuario_favorito_receta add constraint FKo25lybfrlwrdboucjn4ypoewi foreign key (usuario_id) references usuario (id)" via JDBC Statement: org.hibernate.tool.schema.spi.CommandAcceptanceException: Error executing DDL "alter table usuario_favorito_receta add constraint FKo25lybfrlwrdboucjn4ypoewi foreign key (usuario_id) references usuario (id)" via JDBC Statement
	at org.hibernate@5.3.23.Final//org.hibernate.tool.schema.internal.exec.GenerationTargetToDatabase.accept(GenerationTargetToDatabase.java:67)
	at org.hibernate@5.3.23.Final//org.hibernate.tool.schema.internal.AbstractSchemaMigrator.applySqlString(AbstractSchemaMigrator.java:559)
	at org.hibernate@5.3.23.Final//org.hibernate.tool.schema.internal.AbstractSchemaMigrator.applySqlStrings(AbstractSchemaMigrator.java:504)
	at org.hibernate@5.3.23.Final//org.hibernate.tool.schema.internal.AbstractSchemaMigrator.applyForeignKeys(AbstractSchemaMigrator.java:433)
	at org.hibernate@5.3.23.Final//org.hibernate.tool.schema.internal.AbstractSchemaMigrator.performMigration(AbstractSchemaMigrator.java:249)
	at org.hibernate@5.3.23.Final//org.hibernate.tool.schema.internal.AbstractSchemaMigrator.doMigration(AbstractSchemaMigrator.java:114)
	at org.hibernate@5.3.23.Final//org.hibernate.tool.schema.spi.SchemaManagementToolCoordinator.performDatabaseAction(SchemaManagementToolCoordinator.java:183)
	at org.hibernate@5.3.23.Final//org.hibernate.tool.schema.spi.SchemaManagementToolCoordinator.process(SchemaManagementToolCoordinator.java:72)
	at org.hibernate@5.3.23.Final//org.hibernate.internal.SessionFactoryImpl.<init>(SessionFactoryImpl.java:310)
	at org.hibernate@5.3.23.Final//org.hibernate.boot.internal.SessionFactoryBuilderImpl.build(SessionFactoryBuilderImpl.java:467)
	at org.hibernate@5.3.23.Final//org.hibernate.jpa.boot.internal.EntityManagerFactoryBuilderImpl.build(EntityManagerFactoryBuilderImpl.java:1250)
	at org.hibernate.jipijapa-hibernate5-3@25.0.1.Final//org.jboss.as.jpa.hibernate5.TwoPhaseBootstrapImpl.build(TwoPhaseBootstrapImpl.java:44)
	at org.jboss.as.jpa@25.0.1.Final//org.jboss.as.jpa.service.PersistenceUnitServiceImpl$1$1.run(PersistenceUnitServiceImpl.java:170)
	at org.jboss.as.jpa@25.0.1.Final//org.jboss.as.jpa.service.PersistenceUnitServiceImpl$1$1.run(PersistenceUnitServiceImpl.java:128)
	at java.base/java.security.AccessController.doPrivileged(AccessController.java:391)
	at org.wildfly.security.elytron-base@1.17.1.Final//org.wildfly.security.manager.WildFlySecurityManager.doChecked(WildFlySecurityManager.java:664)
	at org.jboss.as.jpa@25.0.1.Final//org.jboss.as.jpa.service.PersistenceUnitServiceImpl$1.run(PersistenceUnitServiceImpl.java:213)
	at org.jboss.threads@2.4.0.Final//org.jboss.threads.ContextClassLoaderSavingRunnable.run(ContextClassLoaderSavingRunnable.java:35)
	at org.jboss.threads@2.4.0.Final//org.jboss.threads.EnhancedQueueExecutor.safeRun(EnhancedQueueExecutor.java:1990)
	at org.jboss.threads@2.4.0.Final//org.jboss.threads.EnhancedQueueExecutor$ThreadBody.doRunTask(EnhancedQueueExecutor.java:1486)
	at org.jboss.threads@2.4.0.Final//org.jboss.threads.EnhancedQueueExecutor$ThreadBody.run(EnhancedQueueExecutor.java:1377)
	at java.base/java.lang.Thread.run(Thread.java:832)
	at org.jboss.threads@2.4.0.Final//org.jboss.threads.JBossThread.run(JBossThread.java:513)
Caused by: java.sql.SQLException: Can't create table `recetas`.`usuario_favorito_receta` (errno: 150 "Foreign key constraint is incorrectly formed")
	at com.mysql@5.1.48//com.mysql.jdbc.SQLError.createSQLException(SQLError.java:965)
	at com.mysql@5.1.48//com.mysql.jdbc.MysqlIO.checkErrorPacket(MysqlIO.java:3933)
	at com.mysql@5.1.48//com.mysql.jdbc.MysqlIO.checkErrorPacket(MysqlIO.java:3869)
	at com.mysql@5.1.48//com.mysql.jdbc.MysqlIO.sendCommand(MysqlIO.java:2524)
	at com.mysql@5.1.48//com.mysql.jdbc.MysqlIO.sqlQueryDirect(MysqlIO.java:2675)
	at com.mysql@5.1.48//com.mysql.jdbc.ConnectionImpl.execSQL(ConnectionImpl.java:2465)
	at com.mysql@5.1.48//com.mysql.jdbc.ConnectionImpl.execSQL(ConnectionImpl.java:2439)
	at com.mysql@5.1.48//com.mysql.jdbc.StatementImpl.executeInternal(StatementImpl.java:829)
	at com.mysql@5.1.48//com.mysql.jdbc.StatementImpl.execute(StatementImpl.java:729)
	at org.jboss.ironjacamar.jdbcadapters@1.5.2.Final//org.jboss.jca.adapters.jdbc.WrappedStatement.execute(WrappedStatement.java:198)
	at org.hibernate@5.3.23.Final//org.hibernate.tool.schema.internal.exec.GenerationTargetToDatabase.accept(GenerationTargetToDatabase.java:54)
	... 22 more

2024-09-05 16:16:46,014 WARN  [org.hibernate.tool.schema.internal.ExceptionHandlerLoggedImpl] (ServerService Thread Pool -- 17) GenerationTarget encountered exception accepting command : Error executing DDL "alter table valoracion_usuario add constraint FKb868rqmgkugpab7ca4if9rtbe foreign key (id_receta) references receta (id)" via JDBC Statement: org.hibernate.tool.schema.spi.CommandAcceptanceException: Error executing DDL "alter table valoracion_usuario add constraint FKb868rqmgkugpab7ca4if9rtbe foreign key (id_receta) references receta (id)" via JDBC Statement
	at org.hibernate@5.3.23.Final//org.hibernate.tool.schema.internal.exec.GenerationTargetToDatabase.accept(GenerationTargetToDatabase.java:67)
	at org.hibernate@5.3.23.Final//org.hibernate.tool.schema.internal.AbstractSchemaMigrator.applySqlString(AbstractSchemaMigrator.java:559)
	at org.hibernate@5.3.23.Final//org.hibernate.tool.schema.internal.AbstractSchemaMigrator.applySqlStrings(AbstractSchemaMigrator.java:504)
	at org.hibernate@5.3.23.Final//org.hibernate.tool.schema.internal.AbstractSchemaMigrator.applyForeignKeys(AbstractSchemaMigrator.java:433)
	at org.hibernate@5.3.23.Final//org.hibernate.tool.schema.internal.AbstractSchemaMigrator.performMigration(AbstractSchemaMigrator.java:249)
	at org.hibernate@5.3.23.Final//org.hibernate.tool.schema.internal.AbstractSchemaMigrator.doMigration(AbstractSchemaMigrator.java:114)
	at org.hibernate@5.3.23.Final//org.hibernate.tool.schema.spi.SchemaManagementToolCoordinator.performDatabaseAction(SchemaManagementToolCoordinator.java:183)
	at org.hibernate@5.3.23.Final//org.hibernate.tool.schema.spi.SchemaManagementToolCoordinator.process(SchemaManagementToolCoordinator.java:72)
	at org.hibernate@5.3.23.Final//org.hibernate.internal.SessionFactoryImpl.<init>(SessionFactoryImpl.java:310)
	at org.hibernate@5.3.23.Final//org.hibernate.boot.internal.SessionFactoryBuilderImpl.build(SessionFactoryBuilderImpl.java:467)
	at org.hibernate@5.3.23.Final//org.hibernate.jpa.boot.internal.EntityManagerFactoryBuilderImpl.build(EntityManagerFactoryBuilderImpl.java:1250)
	at org.hibernate.jipijapa-hibernate5-3@25.0.1.Final//org.jboss.as.jpa.hibernate5.TwoPhaseBootstrapImpl.build(TwoPhaseBootstrapImpl.java:44)
	at org.jboss.as.jpa@25.0.1.Final//org.jboss.as.jpa.service.PersistenceUnitServiceImpl$1$1.run(PersistenceUnitServiceImpl.java:170)
	at org.jboss.as.jpa@25.0.1.Final//org.jboss.as.jpa.service.PersistenceUnitServiceImpl$1$1.run(PersistenceUnitServiceImpl.java:128)
	at java.base/java.security.AccessController.doPrivileged(AccessController.java:391)
	at org.wildfly.security.elytron-base@1.17.1.Final//org.wildfly.security.manager.WildFlySecurityManager.doChecked(WildFlySecurityManager.java:664)
	at org.jboss.as.jpa@25.0.1.Final//org.jboss.as.jpa.service.PersistenceUnitServiceImpl$1.run(PersistenceUnitServiceImpl.java:213)
	at org.jboss.threads@2.4.0.Final//org.jboss.threads.ContextClassLoaderSavingRunnable.run(ContextClassLoaderSavingRunnable.java:35)
	at org.jboss.threads@2.4.0.Final//org.jboss.threads.EnhancedQueueExecutor.safeRun(EnhancedQueueExecutor.java:1990)
	at org.jboss.threads@2.4.0.Final//org.jboss.threads.EnhancedQueueExecutor$ThreadBody.doRunTask(EnhancedQueueExecutor.java:1486)
	at org.jboss.threads@2.4.0.Final//org.jboss.threads.EnhancedQueueExecutor$ThreadBody.run(EnhancedQueueExecutor.java:1377)
	at java.base/java.lang.Thread.run(Thread.java:832)
	at org.jboss.threads@2.4.0.Final//org.jboss.threads.JBossThread.run(JBossThread.java:513)
Caused by: java.sql.SQLException: Can't create table `recetas`.`valoracion_usuario` (errno: 150 "Foreign key constraint is incorrectly formed")
	at com.mysql@5.1.48//com.mysql.jdbc.SQLError.createSQLException(SQLError.java:965)
	at com.mysql@5.1.48//com.mysql.jdbc.MysqlIO.checkErrorPacket(MysqlIO.java:3933)
	at com.mysql@5.1.48//com.mysql.jdbc.MysqlIO.checkErrorPacket(MysqlIO.java:3869)
	at com.mysql@5.1.48//com.mysql.jdbc.MysqlIO.sendCommand(MysqlIO.java:2524)
	at com.mysql@5.1.48//com.mysql.jdbc.MysqlIO.sqlQueryDirect(MysqlIO.java:2675)
	at com.mysql@5.1.48//com.mysql.jdbc.ConnectionImpl.execSQL(ConnectionImpl.java:2465)
	at com.mysql@5.1.48//com.mysql.jdbc.ConnectionImpl.execSQL(ConnectionImpl.java:2439)
	at com.mysql@5.1.48//com.mysql.jdbc.StatementImpl.executeInternal(StatementImpl.java:829)
	at com.mysql@5.1.48//com.mysql.jdbc.StatementImpl.execute(StatementImpl.java:729)
	at org.jboss.ironjacamar.jdbcadapters@1.5.2.Final//org.jboss.jca.adapters.jdbc.WrappedStatement.execute(WrappedStatement.java:198)
	at org.hibernate@5.3.23.Final//org.hibernate.tool.schema.internal.exec.GenerationTargetToDatabase.accept(GenerationTargetToDatabase.java:54)
	... 22 more

2024-09-05 16:16:46,037 WARN  [org.hibernate.tool.schema.internal.ExceptionHandlerLoggedImpl] (ServerService Thread Pool -- 17) GenerationTarget encountered exception accepting command : Error executing DDL "alter table valoracion_usuario add constraint FKd3bgh0jpnpfbbiq7najysbudr foreign key (id_usuario) references usuario (id)" via JDBC Statement: org.hibernate.tool.schema.spi.CommandAcceptanceException: Error executing DDL "alter table valoracion_usuario add constraint FKd3bgh0jpnpfbbiq7najysbudr foreign key (id_usuario) references usuario (id)" via JDBC Statement
	at org.hibernate@5.3.23.Final//org.hibernate.tool.schema.internal.exec.GenerationTargetToDatabase.accept(GenerationTargetToDatabase.java:67)
	at org.hibernate@5.3.23.Final//org.hibernate.tool.schema.internal.AbstractSchemaMigrator.applySqlString(AbstractSchemaMigrator.java:559)
	at org.hibernate@5.3.23.Final//org.hibernate.tool.schema.internal.AbstractSchemaMigrator.applySqlStrings(AbstractSchemaMigrator.java:504)
	at org.hibernate@5.3.23.Final//org.hibernate.tool.schema.internal.AbstractSchemaMigrator.applyForeignKeys(AbstractSchemaMigrator.java:433)
	at org.hibernate@5.3.23.Final//org.hibernate.tool.schema.internal.AbstractSchemaMigrator.performMigration(AbstractSchemaMigrator.java:249)
	at org.hibernate@5.3.23.Final//org.hibernate.tool.schema.internal.AbstractSchemaMigrator.doMigration(AbstractSchemaMigrator.java:114)
	at org.hibernate@5.3.23.Final//org.hibernate.tool.schema.spi.SchemaManagementToolCoordinator.performDatabaseAction(SchemaManagementToolCoordinator.java:183)
	at org.hibernate@5.3.23.Final//org.hibernate.tool.schema.spi.SchemaManagementToolCoordinator.process(SchemaManagementToolCoordinator.java:72)
	at org.hibernate@5.3.23.Final//org.hibernate.internal.SessionFactoryImpl.<init>(SessionFactoryImpl.java:310)
	at org.hibernate@5.3.23.Final//org.hibernate.boot.internal.SessionFactoryBuilderImpl.build(SessionFactoryBuilderImpl.java:467)
	at org.hibernate@5.3.23.Final//org.hibernate.jpa.boot.internal.EntityManagerFactoryBuilderImpl.build(EntityManagerFactoryBuilderImpl.java:1250)
	at org.hibernate.jipijapa-hibernate5-3@25.0.1.Final//org.jboss.as.jpa.hibernate5.TwoPhaseBootstrapImpl.build(TwoPhaseBootstrapImpl.java:44)
	at org.jboss.as.jpa@25.0.1.Final//org.jboss.as.jpa.service.PersistenceUnitServiceImpl$1$1.run(PersistenceUnitServiceImpl.java:170)
	at org.jboss.as.jpa@25.0.1.Final//org.jboss.as.jpa.service.PersistenceUnitServiceImpl$1$1.run(PersistenceUnitServiceImpl.java:128)
	at java.base/java.security.AccessController.doPrivileged(AccessController.java:391)
	at org.wildfly.security.elytron-base@1.17.1.Final//org.wildfly.security.manager.WildFlySecurityManager.doChecked(WildFlySecurityManager.java:664)
	at org.jboss.as.jpa@25.0.1.Final//org.jboss.as.jpa.service.PersistenceUnitServiceImpl$1.run(PersistenceUnitServiceImpl.java:213)
	at org.jboss.threads@2.4.0.Final//org.jboss.threads.ContextClassLoaderSavingRunnable.run(ContextClassLoaderSavingRunnable.java:35)
	at org.jboss.threads@2.4.0.Final//org.jboss.threads.EnhancedQueueExecutor.safeRun(EnhancedQueueExecutor.java:1990)
	at org.jboss.threads@2.4.0.Final//org.jboss.threads.EnhancedQueueExecutor$ThreadBody.doRunTask(EnhancedQueueExecutor.java:1486)
	at org.jboss.threads@2.4.0.Final//org.jboss.threads.EnhancedQueueExecutor$ThreadBody.run(EnhancedQueueExecutor.java:1377)
	at java.base/java.lang.Thread.run(Thread.java:832)
	at org.jboss.threads@2.4.0.Final//org.jboss.threads.JBossThread.run(JBossThread.java:513)
Caused by: java.sql.SQLException: Can't create table `recetas`.`valoracion_usuario` (errno: 150 "Foreign key constraint is incorrectly formed")
	at com.mysql@5.1.48//com.mysql.jdbc.SQLError.createSQLException(SQLError.java:965)
	at com.mysql@5.1.48//com.mysql.jdbc.MysqlIO.checkErrorPacket(MysqlIO.java:3933)
	at com.mysql@5.1.48//com.mysql.jdbc.MysqlIO.checkErrorPacket(MysqlIO.java:3869)
	at com.mysql@5.1.48//com.mysql.jdbc.MysqlIO.sendCommand(MysqlIO.java:2524)
	at com.mysql@5.1.48//com.mysql.jdbc.MysqlIO.sqlQueryDirect(MysqlIO.java:2675)
	at com.mysql@5.1.48//com.mysql.jdbc.ConnectionImpl.execSQL(ConnectionImpl.java:2465)
	at com.mysql@5.1.48//com.mysql.jdbc.ConnectionImpl.execSQL(ConnectionImpl.java:2439)
	at com.mysql@5.1.48//com.mysql.jdbc.StatementImpl.executeInternal(StatementImpl.java:829)
	at com.mysql@5.1.48//com.mysql.jdbc.StatementImpl.execute(StatementImpl.java:729)
	at org.jboss.ironjacamar.jdbcadapters@1.5.2.Final//org.jboss.jca.adapters.jdbc.WrappedStatement.execute(WrappedStatement.java:198)
	at org.hibernate@5.3.23.Final//org.hibernate.tool.schema.internal.exec.GenerationTargetToDatabase.accept(GenerationTargetToDatabase.java:54)
	... 22 more

2024-09-05 16:16:46,057 INFO  [org.hibernate.hql.internal.QueryTranslatorFactoryInitiator] (ServerService Thread Pool -- 17) HHH000397: Using ASTQueryTranslatorFactory
2024-09-05 16:16:46,558 WARN  [org.jboss.weld.Bootstrap] (MSC service thread 1-8) WELD-000146: BeforeBeanDiscovery.addAnnotatedType(AnnotatedType<?>) used for class com.sun.faces.flow.FlowDiscoveryCDIHelper is deprecated from CDI 1.1!
2024-09-05 16:16:47,938 INFO  [javax.enterprise.resource.webcontainer.jsf.config] (ServerService Thread Pool -- 62) Inicializando Mojarra 2.3.14.SP04 para el contexto '/JaviCook-1.0-SNAPSHOT'
2024-09-05 16:16:49,475 INFO  [org.wildfly.extension.undertow] (ServerService Thread Pool -- 62) WFLYUT0021: Registered web context: '/JaviCook-1.0-SNAPSHOT' for server 'default-server'
2024-09-05 16:16:49,553 INFO  [org.jboss.as.server] (management-handler-thread - 1) WFLYSRV0010: Deployed "JaviCook-1.0-SNAPSHOT" (runtime-name : "JaviCook-1.0-SNAPSHOT.war")
2024-09-05 16:16:50,930 INFO  [stdout] (default task-1) Token no proporcionado.
2024-09-05 16:16:50,931 INFO  [stdout] (default task-1) java.lang.NullPointerException: Cannot invoke "javax.servlet.http.HttpSession.getAttribute(String)" because "session" is null
2024-09-05 16:16:51,883 INFO  [stdout] (default task-1) Token no proporcionado.
2024-09-05 16:16:51,884 INFO  [stdout] (default task-1) java.lang.NullPointerException: Cannot invoke "javax.servlet.http.HttpSession.getAttribute(String)" because "session" is null
2024-09-05 16:17:14,828 INFO  [stdout] (default task-1) 05/09/2024 16:17
2024-09-05 16:17:15,166 INFO  [stdout] (default task-1) No hay recetas para mostrar
2024-09-05 16:17:15,274 INFO  [stdout] (default task-1) No hay recetas para mostrar
2024-09-05 16:17:15,492 INFO  [stdout] (default task-1) No hay recetas para mostrar
2024-09-05 16:17:46,688 INFO  [stdout] (default task-1) /img/fotos/prueba-borrado_1617_img.jpg
2024-09-05 16:17:46,780 INFO  [stdout] (default task-1) Receta creada con exito!
2024-09-05 16:17:58,338 INFO  [stdout] (default task-1) Cerrando sesion...
2024-09-05 16:17:58,372 INFO  [stdout] (default task-2) Token no proporcionado.
2024-09-05 16:17:58,373 INFO  [stdout] (default task-2) java.lang.NullPointerException: Cannot invoke "javax.servlet.http.HttpSession.getAttribute(String)" because "session" is null
2024-09-05 16:18:04,137 INFO  [stdout] (default task-2) 05/09/2024 16:18
2024-09-05 16:18:20,452 INFO  [stdout] (default task-1) Cerrando sesion...
2024-09-05 16:18:20,470 INFO  [stdout] (default task-2) Token no proporcionado.
2024-09-05 16:18:20,471 INFO  [stdout] (default task-2) java.lang.NullPointerException: Cannot invoke "javax.servlet.http.HttpSession.getAttribute(String)" because "session" is null
2024-09-05 16:18:25,012 INFO  [stdout] (default task-2) 05/09/2024 16:18
2024-09-05 16:22:36,361 ERROR [stderr] (default task-2) org.hibernate.LazyInitializationException: failed to lazily initialize a collection of role: model.Usuario.recetasFavoritas, could not initialize proxy - no Session
2024-09-05 16:22:36,364 ERROR [stderr] (default task-2) 	at org.hibernate@5.3.23.Final//org.hibernate.collection.internal.AbstractPersistentCollection.throwLazyInitializationException(AbstractPersistentCollection.java:602)
2024-09-05 16:22:36,366 ERROR [stderr] (default task-2) 	at org.hibernate@5.3.23.Final//org.hibernate.collection.internal.AbstractPersistentCollection.withTemporarySessionIfNeeded(AbstractPersistentCollection.java:217)
2024-09-05 16:22:36,367 ERROR [stderr] (default task-2) 	at org.hibernate@5.3.23.Final//org.hibernate.collection.internal.AbstractPersistentCollection.initialize(AbstractPersistentCollection.java:581)
2024-09-05 16:22:36,368 ERROR [stderr] (default task-2) 	at org.hibernate@5.3.23.Final//org.hibernate.collection.internal.AbstractPersistentCollection.read(AbstractPersistentCollection.java:148)
2024-09-05 16:22:36,370 ERROR [stderr] (default task-2) 	at org.hibernate@5.3.23.Final//org.hibernate.collection.internal.PersistentBag.iterator(PersistentBag.java:390)
2024-09-05 16:22:36,371 ERROR [stderr] (default task-2) 	at java.base/java.util.Collection.removeIf(Collection.java:574)
2024-09-05 16:22:36,372 ERROR [stderr] (default task-2) 	at deployment.JaviCook-1.0-SNAPSHOT.war//controller.DetalleRecetaBacking.eliminarRecetaDeFavoritos(DetalleRecetaBacking.java:435)
2024-09-05 16:22:36,374 ERROR [stderr] (default task-2) 	at deployment.JaviCook-1.0-SNAPSHOT.war//controller.DetalleRecetaBacking.eliminarReceta(DetalleRecetaBacking.java:348)
2024-09-05 16:22:36,375 ERROR [stderr] (default task-2) 	at java.base/jdk.internal.reflect.NativeMethodAccessorImpl.invoke0(Native Method)
2024-09-05 16:22:36,376 ERROR [stderr] (default task-2) 	at java.base/jdk.internal.reflect.NativeMethodAccessorImpl.invoke(NativeMethodAccessorImpl.java:64)
2024-09-05 16:22:36,377 ERROR [stderr] (default task-2) 	at java.base/jdk.internal.reflect.DelegatingMethodAccessorImpl.invoke(DelegatingMethodAccessorImpl.java:43)
2024-09-05 16:22:36,379 ERROR [stderr] (default task-2) 	at java.base/java.lang.reflect.Method.invoke(Method.java:564)
2024-09-05 16:22:36,380 ERROR [stderr] (default task-2) 	at javax.el.api@2.0.0.Final//javax.el.ELUtil.invokeMethod(ELUtil.java:245)
2024-09-05 16:22:36,381 ERROR [stderr] (default task-2) 	at javax.el.api@2.0.0.Final//javax.el.BeanELResolver.invoke(BeanELResolver.java:338)
2024-09-05 16:22:36,382 ERROR [stderr] (default task-2) 	at javax.el.api@2.0.0.Final//javax.el.CompositeELResolver.invoke(CompositeELResolver.java:198)
2024-09-05 16:22:36,384 ERROR [stderr] (default task-2) 	at org.glassfish.jakarta.el@3.0.3.jbossorg-4//com.sun.el.parser.AstValue.invoke(AstValue.java:257)
2024-09-05 16:22:36,385 ERROR [stderr] (default task-2) 	at org.glassfish.jakarta.el@3.0.3.jbossorg-4//com.sun.el.MethodExpressionImpl.invoke(MethodExpressionImpl.java:237)
2024-09-05 16:22:36,386 ERROR [stderr] (default task-2) 	at org.jboss.weld.core@3.1.8.Final//org.jboss.weld.module.web.util.el.ForwardingMethodExpression.invoke(ForwardingMethodExpression.java:40)
2024-09-05 16:22:36,388 ERROR [stderr] (default task-2) 	at org.jboss.weld.core@3.1.8.Final//org.jboss.weld.module.web.el.WeldMethodExpression.invoke(WeldMethodExpression.java:50)
2024-09-05 16:22:36,389 ERROR [stderr] (default task-2) 	at org.jboss.weld.core@3.1.8.Final//org.jboss.weld.module.web.util.el.ForwardingMethodExpression.invoke(ForwardingMethodExpression.java:40)
2024-09-05 16:22:36,390 ERROR [stderr] (default task-2) 	at org.jboss.weld.core@3.1.8.Final//org.jboss.weld.module.web.el.WeldMethodExpression.invoke(WeldMethodExpression.java:50)
2024-09-05 16:22:36,391 ERROR [stderr] (default task-2) 	at com.sun.jsf-impl@2.3.14.SP04//com.sun.faces.facelets.el.TagMethodExpression.invoke(TagMethodExpression.java:65)
2024-09-05 16:22:36,393 ERROR [stderr] (default task-2) 	at com.sun.jsf-impl@2.3.14.SP04//com.sun.faces.application.MethodBindingMethodExpressionAdapter.invoke(MethodBindingMethodExpressionAdapter.java:66)
2024-09-05 16:22:36,394 ERROR [stderr] (default task-2) 	at com.sun.jsf-impl@2.3.14.SP04//com.sun.faces.application.ActionListenerImpl.getNavigationOutcome(ActionListenerImpl.java:82)
2024-09-05 16:22:36,395 ERROR [stderr] (default task-2) 	at com.sun.jsf-impl@2.3.14.SP04//com.sun.faces.application.ActionListenerImpl.processAction(ActionListenerImpl.java:71)
2024-09-05 16:22:36,397 ERROR [stderr] (default task-2) 	at javax.faces.api@3.0.0.SP04//javax.faces.component.UICommand.broadcast(UICommand.java:222)
2024-09-05 16:22:36,398 ERROR [stderr] (default task-2) 	at javax.faces.api@3.0.0.SP04//javax.faces.component.UIViewRoot.broadcastEvents(UIViewRoot.java:847)
2024-09-05 16:22:36,399 ERROR [stderr] (default task-2) 	at javax.faces.api@3.0.0.SP04//javax.faces.component.UIViewRoot.processApplication(UIViewRoot.java:1396)
2024-09-05 16:22:36,401 ERROR [stderr] (default task-2) 	at com.sun.jsf-impl@2.3.14.SP04//com.sun.faces.lifecycle.InvokeApplicationPhase.execute(InvokeApplicationPhase.java:58)
2024-09-05 16:22:36,402 ERROR [stderr] (default task-2) 	at com.sun.jsf-impl@2.3.14.SP04//com.sun.faces.lifecycle.Phase.doPhase(Phase.java:76)
2024-09-05 16:22:36,403 ERROR [stderr] (default task-2) 	at com.sun.jsf-impl@2.3.14.SP04//com.sun.faces.lifecycle.LifecycleImpl.execute(LifecycleImpl.java:177)
2024-09-05 16:22:36,404 ERROR [stderr] (default task-2) 	at javax.faces.api@3.0.0.SP04//javax.faces.webapp.FacesServlet.executeLifecyle(FacesServlet.java:707)
2024-09-05 16:22:36,406 ERROR [stderr] (default task-2) 	at javax.faces.api@3.0.0.SP04//javax.faces.webapp.FacesServlet.service(FacesServlet.java:451)
2024-09-05 16:22:36,407 ERROR [stderr] (default task-2) 	at io.undertow.servlet@2.2.12.Final//io.undertow.servlet.handlers.ServletHandler.handleRequest(ServletHandler.java:74)
2024-09-05 16:22:36,408 ERROR [stderr] (default task-2) 	at io.undertow.servlet@2.2.12.Final//io.undertow.servlet.handlers.FilterHandler$FilterChainImpl.doFilter(FilterHandler.java:129)
2024-09-05 16:22:36,409 ERROR [stderr] (default task-2) 	at io.opentracing.contrib.opentracing-jaxrs2//io.opentracing.contrib.jaxrs2.server.SpanFinishingFilter.doFilter(SpanFinishingFilter.java:52)
2024-09-05 16:22:36,411 ERROR [stderr] (default task-2) 	at io.undertow.servlet@2.2.12.Final//io.undertow.servlet.core.ManagedFilter.doFilter(ManagedFilter.java:61)
2024-09-05 16:22:36,412 ERROR [stderr] (default task-2) 	at io.undertow.servlet@2.2.12.Final//io.undertow.servlet.handlers.FilterHandler$FilterChainImpl.doFilter(FilterHandler.java:131)
2024-09-05 16:22:36,413 ERROR [stderr] (default task-2) 	at deployment.JaviCook-1.0-SNAPSHOT.war//model.SessionTimeoutFilter.doFilter(SessionTimeoutFilter.java:34)
2024-09-05 16:22:36,414 ERROR [stderr] (default task-2) 	at io.undertow.servlet@2.2.12.Final//io.undertow.servlet.core.ManagedFilter.doFilter(ManagedFilter.java:61)
2024-09-05 16:22:36,416 ERROR [stderr] (default task-2) 	at io.undertow.servlet@2.2.12.Final//io.undertow.servlet.handlers.FilterHandler$FilterChainImpl.doFilter(FilterHandler.java:131)
2024-09-05 16:22:36,417 ERROR [stderr] (default task-2) 	at deployment.JaviCook-1.0-SNAPSHOT.war//model.AuthenticationFilter.doFilter(AuthenticationFilter.java:25)
2024-09-05 16:22:36,418 ERROR [stderr] (default task-2) 	at io.undertow.servlet@2.2.12.Final//io.undertow.servlet.core.ManagedFilter.doFilter(ManagedFilter.java:61)
2024-09-05 16:22:36,419 ERROR [stderr] (default task-2) 	at io.undertow.servlet@2.2.12.Final//io.undertow.servlet.handlers.FilterHandler$FilterChainImpl.doFilter(FilterHandler.java:131)
2024-09-05 16:22:36,421 ERROR [stderr] (default task-2) 	at io.undertow.servlet@2.2.12.Final//io.undertow.servlet.handlers.FilterHandler.handleRequest(FilterHandler.java:84)
2024-09-05 16:22:36,422 ERROR [stderr] (default task-2) 	at io.undertow.servlet@2.2.12.Final//io.undertow.servlet.handlers.security.ServletSecurityRoleHandler.handleRequest(ServletSecurityRoleHandler.java:62)
2024-09-05 16:22:36,423 ERROR [stderr] (default task-2) 	at io.undertow.servlet@2.2.12.Final//io.undertow.servlet.handlers.ServletChain$1.handleRequest(ServletChain.java:68)
2024-09-05 16:22:36,425 ERROR [stderr] (default task-2) 	at io.undertow.servlet@2.2.12.Final//io.undertow.servlet.handlers.ServletDispatchingHandler.handleRequest(ServletDispatchingHandler.java:36)
2024-09-05 16:22:36,426 ERROR [stderr] (default task-2) 	at org.wildfly.security.elytron-web.undertow-server@1.10.0.Final//org.wildfly.elytron.web.undertow.server.ElytronRunAsHandler.lambda$handleRequest$1(ElytronRunAsHandler.java:68)
2024-09-05 16:22:36,427 ERROR [stderr] (default task-2) 	at org.wildfly.security.elytron-base@1.17.1.Final//org.wildfly.security.auth.server.FlexibleIdentityAssociation.runAsFunctionEx(FlexibleIdentityAssociation.java:103)
2024-09-05 16:22:36,429 ERROR [stderr] (default task-2) 	at org.wildfly.security.elytron-base@1.17.1.Final//org.wildfly.security.auth.server.Scoped.runAsFunctionEx(Scoped.java:161)
2024-09-05 16:22:36,430 ERROR [stderr] (default task-2) 	at org.wildfly.security.elytron-base@1.17.1.Final//org.wildfly.security.auth.server.Scoped.runAs(Scoped.java:73)
2024-09-05 16:22:36,431 ERROR [stderr] (default task-2) 	at org.wildfly.security.elytron-web.undertow-server@1.10.0.Final//org.wildfly.elytron.web.undertow.server.ElytronRunAsHandler.handleRequest(ElytronRunAsHandler.java:67)
2024-09-05 16:22:36,432 ERROR [stderr] (default task-2) 	at io.undertow.servlet@2.2.12.Final//io.undertow.servlet.handlers.RedirectDirHandler.handleRequest(RedirectDirHandler.java:68)
2024-09-05 16:22:36,434 ERROR [stderr] (default task-2) 	at io.undertow.servlet@2.2.12.Final//io.undertow.servlet.handlers.security.SSLInformationAssociationHandler.handleRequest(SSLInformationAssociationHandler.java:117)
2024-09-05 16:22:36,435 ERROR [stderr] (default task-2) 	at io.undertow.servlet@2.2.12.Final//io.undertow.servlet.handlers.security.ServletAuthenticationCallHandler.handleRequest(ServletAuthenticationCallHandler.java:57)
2024-09-05 16:22:36,436 ERROR [stderr] (default task-2) 	at io.undertow.core@2.2.12.Final//io.undertow.server.handlers.PredicateHandler.handleRequest(PredicateHandler.java:43)
2024-09-05 16:22:36,438 ERROR [stderr] (default task-2) 	at io.undertow.core@2.2.12.Final//io.undertow.security.handlers.AbstractConfidentialityHandler.handleRequest(AbstractConfidentialityHandler.java:46)
2024-09-05 16:22:36,439 ERROR [stderr] (default task-2) 	at io.undertow.servlet@2.2.12.Final//io.undertow.servlet.handlers.security.ServletConfidentialityConstraintHandler.handleRequest(ServletConfidentialityConstraintHandler.java:64)
2024-09-05 16:22:36,440 ERROR [stderr] (default task-2) 	at io.undertow.core@2.2.12.Final//io.undertow.security.handlers.AbstractSecurityContextAssociationHandler.handleRequest(AbstractSecurityContextAssociationHandler.java:43)
2024-09-05 16:22:36,442 ERROR [stderr] (default task-2) 	at org.wildfly.security.elytron-web.undertow-server-servlet@1.10.0.Final//org.wildfly.elytron.web.undertow.server.servlet.CleanUpHandler.handleRequest(CleanUpHandler.java:38)
2024-09-05 16:22:36,443 ERROR [stderr] (default task-2) 	at io.undertow.core@2.2.12.Final//io.undertow.server.handlers.PredicateHandler.handleRequest(PredicateHandler.java:43)
2024-09-05 16:22:36,445 ERROR [stderr] (default task-2) 	at org.wildfly.extension.undertow@25.0.1.Final//org.wildfly.extension.undertow.security.jacc.JACCContextIdHandler.handleRequest(JACCContextIdHandler.java:61)
2024-09-05 16:22:36,446 ERROR [stderr] (default task-2) 	at io.undertow.core@2.2.12.Final//io.undertow.server.handlers.PredicateHandler.handleRequest(PredicateHandler.java:43)
2024-09-05 16:22:36,447 ERROR [stderr] (default task-2) 	at org.wildfly.extension.undertow@25.0.1.Final//org.wildfly.extension.undertow.deployment.GlobalRequestControllerHandler.handleRequest(GlobalRequestControllerHandler.java:68)
2024-09-05 16:22:36,449 ERROR [stderr] (default task-2) 	at io.undertow.servlet@2.2.12.Final//io.undertow.servlet.handlers.SendErrorPageHandler.handleRequest(SendErrorPageHandler.java:52)
2024-09-05 16:22:36,450 ERROR [stderr] (default task-2) 	at io.undertow.core@2.2.12.Final//io.undertow.server.handlers.PredicateHandler.handleRequest(PredicateHandler.java:43)
2024-09-05 16:22:36,452 ERROR [stderr] (default task-2) 	at io.undertow.servlet@2.2.12.Final//io.undertow.servlet.handlers.ServletInitialHandler.handleFirstRequest(ServletInitialHandler.java:280)
2024-09-05 16:22:36,453 ERROR [stderr] (default task-2) 	at io.undertow.servlet@2.2.12.Final//io.undertow.servlet.handlers.ServletInitialHandler.access$100(ServletInitialHandler.java:79)
2024-09-05 16:22:36,454 ERROR [stderr] (default task-2) 	at io.undertow.servlet@2.2.12.Final//io.undertow.servlet.handlers.ServletInitialHandler$2.call(ServletInitialHandler.java:134)
2024-09-05 16:22:36,456 ERROR [stderr] (default task-2) 	at io.undertow.servlet@2.2.12.Final//io.undertow.servlet.handlers.ServletInitialHandler$2.call(ServletInitialHandler.java:131)
2024-09-05 16:22:36,457 ERROR [stderr] (default task-2) 	at io.undertow.servlet@2.2.12.Final//io.undertow.servlet.core.ServletRequestContextThreadSetupAction$1.call(ServletRequestContextThreadSetupAction.java:48)
2024-09-05 16:22:36,459 ERROR [stderr] (default task-2) 	at io.undertow.servlet@2.2.12.Final//io.undertow.servlet.core.ContextClassLoaderSetupAction$1.call(ContextClassLoaderSetupAction.java:43)
2024-09-05 16:22:36,460 ERROR [stderr] (default task-2) 	at org.wildfly.extension.undertow@25.0.1.Final//org.wildfly.extension.undertow.deployment.UndertowDeploymentInfoService$UndertowThreadSetupAction.lambda$create$0(UndertowDeploymentInfoService.java:1544)
2024-09-05 16:22:36,461 ERROR [stderr] (default task-2) 	at org.wildfly.extension.undertow@25.0.1.Final//org.wildfly.extension.undertow.deployment.UndertowDeploymentInfoService$UndertowThreadSetupAction.lambda$create$0(UndertowDeploymentInfoService.java:1544)
2024-09-05 16:22:36,463 ERROR [stderr] (default task-2) 	at org.wildfly.extension.undertow@25.0.1.Final//org.wildfly.extension.undertow.deployment.UndertowDeploymentInfoService$UndertowThreadSetupAction.lambda$create$0(UndertowDeploymentInfoService.java:1544)
2024-09-05 16:22:36,465 ERROR [stderr] (default task-2) 	at org.wildfly.extension.undertow@25.0.1.Final//org.wildfly.extension.undertow.deployment.UndertowDeploymentInfoService$UndertowThreadSetupAction.lambda$create$0(UndertowDeploymentInfoService.java:1544)
2024-09-05 16:22:36,466 ERROR [stderr] (default task-2) 	at org.wildfly.extension.undertow@25.0.1.Final//org.wildfly.extension.undertow.deployment.UndertowDeploymentInfoService$UndertowThreadSetupAction.lambda$create$0(UndertowDeploymentInfoService.java:1544)
2024-09-05 16:22:36,467 ERROR [stderr] (default task-2) 	at io.undertow.servlet@2.2.12.Final//io.undertow.servlet.handlers.ServletInitialHandler.dispatchRequest(ServletInitialHandler.java:260)
2024-09-05 16:22:36,469 ERROR [stderr] (default task-2) 	at io.undertow.servlet@2.2.12.Final//io.undertow.servlet.handlers.ServletInitialHandler.access$000(ServletInitialHandler.java:79)
2024-09-05 16:22:36,471 ERROR [stderr] (default task-2) 	at io.undertow.servlet@2.2.12.Final//io.undertow.servlet.handlers.ServletInitialHandler$1.handleRequest(ServletInitialHandler.java:100)
2024-09-05 16:22:36,472 ERROR [stderr] (default task-2) 	at io.undertow.core@2.2.12.Final//io.undertow.server.Connectors.executeRootHandler(Connectors.java:387)
2024-09-05 16:22:36,475 ERROR [stderr] (default task-2) 	at io.undertow.core@2.2.12.Final//io.undertow.server.HttpServerExchange$1.run(HttpServerExchange.java:852)
2024-09-05 16:22:36,477 ERROR [stderr] (default task-2) 	at org.jboss.threads@2.4.0.Final//org.jboss.threads.ContextClassLoaderSavingRunnable.run(ContextClassLoaderSavingRunnable.java:35)
2024-09-05 16:22:36,478 ERROR [stderr] (default task-2) 	at org.jboss.threads@2.4.0.Final//org.jboss.threads.EnhancedQueueExecutor.safeRun(EnhancedQueueExecutor.java:1990)
2024-09-05 16:22:36,479 ERROR [stderr] (default task-2) 	at org.jboss.threads@2.4.0.Final//org.jboss.threads.EnhancedQueueExecutor$ThreadBody.doRunTask(EnhancedQueueExecutor.java:1486)
2024-09-05 16:22:36,480 ERROR [stderr] (default task-2) 	at org.jboss.threads@2.4.0.Final//org.jboss.threads.EnhancedQueueExecutor$ThreadBody.run(EnhancedQueueExecutor.java:1377)
2024-09-05 16:22:36,481 ERROR [stderr] (default task-2) 	at org.jboss.xnio@3.8.4.Final//org.xnio.XnioWorker$WorkerThreadFactory$1$1.run(XnioWorker.java:1280)
2024-09-05 16:22:36,483 ERROR [stderr] (default task-2) 	at java.base/java.lang.Thread.run(Thread.java:832)
2024-09-05 16:24:14,959 INFO  [org.jboss.as.connector.deployers.jdbc] (MSC service thread 1-1) WFLYJCA0019: Stopped Driver service with driver-name = JaviCook-1.0-SNAPSHOT.war_com.mysql.cj.jdbc.Driver_8_0
2024-09-05 16:24:14,962 INFO  [org.wildfly.extension.undertow] (ServerService Thread Pool -- 81) WFLYUT0022: Unregistered web context: '/JaviCook-1.0-SNAPSHOT' from server 'default-server'
2024-09-05 16:24:14,967 WARNING [javax.enterprise.resource.webcontainer.jsf.config] (ServerService Thread Pool -- 81) Unexpected state during contextDestroyed: no ConfigManager instance in current ServletContext but one is expected to exist.
2024-09-05 16:24:14,987 INFO  [org.jboss.as.jpa] (ServerService Thread Pool -- 100) WFLYJPA0011: Stopping Persistence Unit (phase 2 of 2) Service 'JaviCook-1.0-SNAPSHOT#recetaDS'
2024-09-05 16:24:14,990 INFO  [org.hibernate.orm.beans] (ServerService Thread Pool -- 100) HHH10005004: Stopping BeanContainer : org.hibernate.resource.beans.container.internal.CdiBeanContainerExtendedAccessImpl@33335e50
2024-09-05 16:24:14,996 INFO  [org.jboss.as.jpa] (ServerService Thread Pool -- 100) WFLYJPA0011: Stopping Persistence Unit (phase 1 of 2) Service 'JaviCook-1.0-SNAPSHOT#recetaDS'
2024-09-05 16:24:15,000 ERROR [stderr] (MSC service thread 1-4) Loading class `com.mysql.jdbc.Driver'. This is deprecated. The new driver class is `com.mysql.cj.jdbc.Driver'. The driver is automatically registered via the SPI and manual loading of the driver class is generally unnecessary.
2024-09-05 16:24:15,038 INFO  [org.infinispan.manager.DefaultCacheManager] (ServerService Thread Pool -- 100) Stopping cache manager null on null
2024-09-05 16:24:15,076 INFO  [org.jboss.as.server.deployment] (MSC service thread 1-6) WFLYSRV0028: Stopped deployment JaviCook-1.0-SNAPSHOT (runtime-name: JaviCook-1.0-SNAPSHOT.war) in 120ms
2024-09-05 16:24:15,150 INFO  [org.jboss.as.server] (management-handler-thread - 1) WFLYSRV0009: Undeployed "JaviCook-1.0-SNAPSHOT" (runtime-name: "JaviCook-1.0-SNAPSHOT.war")
2024-09-05 16:24:15,398 INFO  [org.jboss.as.server] (management-handler-thread - 1) WFLYSRV0272: Suspending server
2024-09-05 16:24:15,413 INFO  [org.jboss.as.ejb3] (management-handler-thread - 1) WFLYEJB0493: Jakarta Enterprise Beans subsystem suspension complete
2024-09-05 16:24:15,416 INFO  [org.jboss.as.server] (Management Triggered Shutdown) WFLYSRV0241: Shutting down in response to management operation 'shutdown'
2024-09-05 16:24:15,450 INFO  [org.jboss.as.connector.deployers.jdbc] (MSC service thread 1-5) WFLYJCA0019: Stopped Driver service with driver-name = mysql
2024-09-05 16:24:15,472 INFO  [org.jboss.as.connector.deployers.jdbc] (MSC service thread 1-2) WFLYJCA0019: Stopped Driver service with driver-name = h2
2024-09-05 16:24:15,553 INFO  [org.jboss.as.connector.subsystems.datasources] (MSC service thread 1-1) WFLYJCA0010: Unbound data source [java:jboss/datasources/recetaDS]
2024-09-05 16:24:15,562 INFO  [org.jboss.as.mail.extension] (MSC service thread 1-5) WFLYMAIL0002: Unbound mail session [java:jboss/mail/Default]
2024-09-05 16:24:15,563 INFO  [org.jboss.as.connector.subsystems.datasources] (MSC service thread 1-5) WFLYJCA0010: Unbound data source [java:jboss/datasources/agendaDS]
2024-09-05 16:24:15,567 INFO  [org.wildfly.extension.undertow] (MSC service thread 1-5) WFLYUT0019: Host default-host stopping
2024-09-05 16:24:15,579 INFO  [org.wildfly.extension.undertow] (MSC service thread 1-2) WFLYUT0008: Undertow HTTPS listener https suspending
2024-09-05 16:24:15,587 INFO  [org.wildfly.extension.undertow] (MSC service thread 1-2) WFLYUT0007: Undertow HTTPS listener https stopped, was bound to 127.0.0.1:8443
2024-09-05 16:24:15,606 INFO  [org.jboss.as.connector.deployers.jdbc] (MSC service thread 1-6) WFLYJCA0019: Stopped Driver service with driver-name = mysql-new2
2024-09-05 16:24:15,619 INFO  [org.wildfly.extension.undertow] (MSC service thread 1-5) WFLYUT0008: Undertow HTTP listener default suspending
2024-09-05 16:24:15,622 INFO  [org.wildfly.extension.undertow] (MSC service thread 1-5) WFLYUT0007: Undertow HTTP listener default stopped, was bound to 127.0.0.1:8080
2024-09-05 16:24:15,631 INFO  [org.wildfly.extension.undertow] (MSC service thread 1-2) WFLYUT0004: Undertow 2.2.12.Final stopping
2024-09-05 16:24:15,639 INFO  [org.jboss.as.clustering.infinispan] (ServerService Thread Pool -- 99) WFLYCLINF0003: Stopped http-remoting-connector cache from ejb container
2024-09-05 16:24:15,655 INFO  [org.infinispan.manager.DefaultCacheManager] (ServerService Thread Pool -- 99) Stopping cache manager null on null
2024-09-05 16:24:15,623 INFO  [org.jboss.as.connector.deployers.jdbc] (MSC service thread 1-7) WFLYJCA0019: Stopped Driver service with driver-name = mysql-new
2024-09-05 16:24:15,711 INFO  [org.jboss.as] (MSC service thread 1-7) WFLYSRV0050: WildFly Full 25.0.1.Final (WildFly Core 17.0.3.Final) stopped in 274ms
2024-09-05 16:24:42,861 INFO  [org.jboss.modules] (main) JBoss Modules version 1.12.0.Final
2024-09-05 16:24:43,745 INFO  [org.jboss.msc] (main) JBoss MSC version 1.4.13.Final
2024-09-05 16:24:43,765 INFO  [org.jboss.threads] (main) JBoss Threads version 2.4.0.Final
2024-09-05 16:24:43,970 INFO  [org.jboss.as] (MSC service thread 1-2) WFLYSRV0049: WildFly Full 25.0.1.Final (WildFly Core 17.0.3.Final) starting
2024-09-05 16:24:43,974 DEBUG [org.jboss.as.config] (MSC service thread 1-2) Configured system properties:
	file.encoding = Cp1252
	file.separator = \
	intellij.debug.agent = true
	java.class.path = C:\Users\javit\Desktop\Luciano\Proyectos\JaviCook\wildfly-25.0.1.Final\jboss-modules.jar
	java.class.version = 59.0
	java.home = C:\Program Files\Java\jdk-15
	java.io.tmpdir = C:\Users\javit\AppData\Local\Temp\
	java.library.path = C:\Program Files\Java\jdk-15\bin;C:\WINDOWS\Sun\Java\bin;C:\WINDOWS\system32;C:\WINDOWS;C:\Program Files\Common Files\Oracle\Java\javapath;C:\Windows\system32;C:\Windows;C:\Windows\System32\Wbem;C:\Windows\System32\WindowsPowerShell\v1.0\;C:\Windows\System32\OpenSSH\;C:\Program Files (x86)\Intel\Intel(R) Management Engine Components\DAL;C:\Program Files\Intel\Intel(R) Management Engine Components\DAL;C:\Program Files (x86)\NVIDIA Corporation\PhysX\Common;C:\Program Files\NVIDIA Corporation\NVIDIA NvDLISR;C:\WINDOWS\system32;C:\WINDOWS;C:\WINDOWS\System32\Wbem;C:\WINDOWS\System32\WindowsPowerShell\v1.0\;C:\WINDOWS\System32\OpenSSH\;C:\Program Files (x86)\dotnet\;C:\Program Files\Java\jdk-15\bin;C:\Program Files\Git\cmd;C:\Program Files\Docker\Docker\resources\bin;C:\Program Files\MySQL\MySQL Shell 8.0\bin\;C:\Users\javit\AppData\Local\Microsoft\WindowsApps;;.
	java.runtime.name = Java(TM) SE Runtime Environment
	java.runtime.version = 15+36-1562
	java.specification.name = Java Platform API Specification
	java.specification.vendor = Oracle Corporation
	java.specification.version = 15
	java.util.logging.manager = org.jboss.logmanager.LogManager
	java.vendor = Oracle Corporation
	java.vendor.url = https://java.oracle.com/
	java.vendor.url.bug = https://bugreport.java.com/bugreport/
	java.version = 15
	java.version.date = 2020-09-15
	java.vm.compressedOopsMode = Zero based
	java.vm.info = mixed mode, sharing
	java.vm.name = Java HotSpot(TM) 64-Bit Server VM
	java.vm.specification.name = Java Virtual Machine Specification
	java.vm.specification.vendor = Oracle Corporation
	java.vm.specification.version = 15
	java.vm.vendor = Oracle Corporation
	java.vm.version = 15+36-1562
	javax.management.builder.initial = org.jboss.as.jmx.PluggableMBeanServerBuilder
	jboss.home.dir = C:\Users\javit\Desktop\Luciano\Proyectos\JaviCook\wildfly-25.0.1.Final
	jboss.host.name = laptop-e5rpr3kk
	jboss.modules.dir = C:\Users\javit\Desktop\Luciano\Proyectos\JaviCook\wildfly-25.0.1.Final\modules
	jboss.modules.system.pkgs = com.intellij.rt
	jboss.node.name = laptop-e5rpr3kk
	jboss.qualified.host.name = laptop-e5rpr3kk
	jboss.server.base.dir = C:\Users\javit\Desktop\Luciano\Proyectos\JaviCook\wildfly-25.0.1.Final\standalone
	jboss.server.config.dir = C:\Users\javit\Desktop\Luciano\Proyectos\JaviCook\wildfly-25.0.1.Final\standalone\configuration
	jboss.server.data.dir = C:\Users\javit\Desktop\Luciano\Proyectos\JaviCook\wildfly-25.0.1.Final\standalone\data
	jboss.server.deploy.dir = C:\Users\javit\Desktop\Luciano\Proyectos\JaviCook\wildfly-25.0.1.Final\standalone\data\content
	jboss.server.log.dir = C:\Users\javit\Desktop\Luciano\Proyectos\JaviCook\wildfly-25.0.1.Final\standalone\log
	jboss.server.name = laptop-e5rpr3kk
	jboss.server.persist.config = true
	jboss.server.temp.dir = C:\Users\javit\Desktop\Luciano\Proyectos\JaviCook\wildfly-25.0.1.Final\standalone\tmp
	jdk.debug = release
	line.separator = 

	logging.configuration = file:C:\Users\javit\Desktop\Luciano\Proyectos\JaviCook\wildfly-25.0.1.Final\standalone\configuration/logging.properties
	module.path = C:\Users\javit\Desktop\Luciano\Proyectos\JaviCook\wildfly-25.0.1.Final\modules
	org.jboss.boot.log.file = C:\Users\javit\Desktop\Luciano\Proyectos\JaviCook\wildfly-25.0.1.Final\standalone\log\server.log
	org.jboss.resolver.warning = true
	os.arch = amd64
	os.name = Windows 10
	os.version = 10.0
	path.separator = ;
	program.name = standalone.bat
	sun.arch.data.model = 64
	sun.boot.library.path = C:\Program Files\Java\jdk-15\bin
	sun.cpu.endian = little
	sun.cpu.isalist = amd64
	sun.io.unicode.encoding = UnicodeLittle
	sun.java.command = C:\Users\javit\Desktop\Luciano\Proyectos\JaviCook\wildfly-25.0.1.Final\jboss-modules.jar -mp C:\Users\javit\Desktop\Luciano\Proyectos\JaviCook\wildfly-25.0.1.Final\modules org.jboss.as.standalone -Djboss.home.dir=C:\Users\javit\Desktop\Luciano\Proyectos\JaviCook\wildfly-25.0.1.Final
	sun.java.launcher = SUN_STANDARD
	sun.jnu.encoding = Cp1252
	sun.management.compiler = HotSpot 64-Bit Tiered Compilers
	sun.os.patch.level = 
	user.country = AR
	user.dir = C:\Users\javit\Desktop\Luciano\Proyectos\JaviCook\wildfly-25.0.1.Final\bin
	user.home = C:\Users\javit
	user.language = es
	user.name = javito
	user.script = 
	user.timezone = America/Buenos_Aires
	user.variant = 
2024-09-05 16:24:43,978 DEBUG [org.jboss.as.config] (MSC service thread 1-2) VM Arguments: -Dprogram.name=standalone.bat -agentlib:jdwp=transport=dt_socket,address=127.0.0.1:58359,suspend=y,server=n -javaagent:C:\Users\javit\AppData\Local\JetBrains\IntelliJIdea2022.2\captureAgent\debugger-agent.jar --add-exports=java.desktop/sun.awt=ALL-UNNAMED --add-exports=java.naming/com.sun.jndi.ldap=ALL-UNNAMED --add-opens=java.base/java.lang=ALL-UNNAMED --add-opens=java.base/java.lang.invoke=ALL-UNNAMED --add-opens=java.base/java.io=ALL-UNNAMED --add-opens=java.base/java.lang.reflect=ALL-UNNAMED --add-opens=java.base/java.security=ALL-UNNAMED --add-opens=java.base/java.util=ALL-UNNAMED --add-opens=java.base/java.util.concurrent=ALL-UNNAMED --add-opens=java.management/javax.management=ALL-UNNAMED --add-opens=java.naming/javax.naming=ALL-UNNAMED -Dorg.jboss.boot.log.file=C:\Users\javit\Desktop\Luciano\Proyectos\JaviCook\wildfly-25.0.1.Final\standalone\log\server.log -Dlogging.configuration=file:C:\Users\javit\Desktop\Luciano\Proyectos\JaviCook\wildfly-25.0.1.Final\standalone\configuration/logging.properties 
2024-09-05 16:24:45,231 INFO  [org.wildfly.security] (ServerService Thread Pool -- 27) ELY00001: WildFly Elytron version 1.17.1.Final
2024-09-05 16:24:46,484 INFO  [org.jboss.as.server] (Controller Boot Thread) WFLYSRV0039: Creating http management service using socket-binding (management-http)
2024-09-05 16:24:46,506 INFO  [org.xnio] (MSC service thread 1-2) XNIO version 3.8.4.Final
2024-09-05 16:24:46,519 INFO  [org.xnio.nio] (MSC service thread 1-2) XNIO NIO Implementation Version 3.8.4.Final
2024-09-05 16:24:46,587 INFO  [org.wildfly.extension.health] (ServerService Thread Pool -- 53) WFLYHEALTH0001: Activating Base Health Subsystem
2024-09-05 16:24:46,589 INFO  [org.jboss.as.clustering.infinispan] (ServerService Thread Pool -- 54) WFLYCLINF0001: Activating Infinispan subsystem.
2024-09-05 16:24:46,606 INFO  [org.jboss.as.connector] (MSC service thread 1-8) WFLYJCA0009: Starting Jakarta Connectors Subsystem (WildFly/IronJacamar 1.5.2.Final)
2024-09-05 16:24:46,642 WARN  [org.jboss.as.txn] (ServerService Thread Pool -- 74) WFLYTX0013: The node-identifier attribute on the /subsystem=transactions is set to the default value. This is a danger for environments running multiple servers. Please make sure the attribute value is unique.
2024-09-05 16:24:46,673 INFO  [org.wildfly.extension.elytron.oidc._private] (ServerService Thread Pool -- 52) WFLYOIDC0001: Activating WildFly Elytron OIDC Subsystem
2024-09-05 16:24:46,682 INFO  [org.wildfly.extension.microprofile.opentracing] (ServerService Thread Pool -- 66) WFLYTRACEXT0001: Activating MicroProfile OpenTracing Subsystem
2024-09-05 16:24:46,684 INFO  [org.wildfly.extension.metrics] (ServerService Thread Pool -- 63) WFLYMETRICS0001: Activating Base Metrics Subsystem
2024-09-05 16:24:46,700 INFO  [org.jboss.as.jaxrs] (ServerService Thread Pool -- 56) WFLYRS0016: RESTEasy version 4.7.2.Final
2024-09-05 16:24:46,704 INFO  [org.jboss.as.webservices] (ServerService Thread Pool -- 76) WFLYWS0002: Activating WebServices Extension
2024-09-05 16:24:46,711 INFO  [org.wildfly.extension.microprofile.config.smallrye] (ServerService Thread Pool -- 64) WFLYCONF0001: Activating MicroProfile Config Subsystem
2024-09-05 16:24:46,711 INFO  [org.jboss.as.naming] (ServerService Thread Pool -- 67) WFLYNAM0001: Activating Naming Subsystem
2024-09-05 16:24:46,714 INFO  [org.jboss.as.jsf] (ServerService Thread Pool -- 61) WFLYJSF0007: Activated the following Jakarta Server Faces Implementations: [main]
2024-09-05 16:24:46,769 INFO  [org.wildfly.extension.microprofile.jwt.smallrye] (ServerService Thread Pool -- 65) WFLYJWT0001: Activating MicroProfile JWT Subsystem
2024-09-05 16:24:46,867 INFO  [org.jboss.as.connector.subsystems.datasources] (ServerService Thread Pool -- 44) WFLYJCA0004: Deploying JDBC-compliant driver class org.h2.Driver (version 1.4)
2024-09-05 16:24:46,924 INFO  [org.jboss.as.naming] (MSC service thread 1-1) WFLYNAM0003: Starting Naming Service
2024-09-05 16:24:46,926 INFO  [org.jboss.as.mail.extension] (MSC service thread 1-1) WFLYMAIL0001: Bound mail session [java:jboss/mail/Default]
2024-09-05 16:24:46,947 INFO  [org.jboss.as.connector.deployers.jdbc] (MSC service thread 1-1) WFLYJCA0018: Started Driver service with driver-name = h2
2024-09-05 16:24:46,967 INFO  [org.jboss.as.connector.subsystems.datasources] (ServerService Thread Pool -- 44) WFLYJCA0005: Deploying non-JDBC-compliant driver class com.mysql.jdbc.Driver (version 5.1)
2024-09-05 16:24:46,968 INFO  [org.jboss.as.connector.subsystems.datasources] (ServerService Thread Pool -- 44) WFLYJCA0005: Deploying non-JDBC-compliant driver class com.mysql.jdbc.Driver (version 5.1)
2024-09-05 16:24:46,969 INFO  [org.jboss.as.connector.deployers.jdbc] (MSC service thread 1-5) WFLYJCA0018: Started Driver service with driver-name = mysql
2024-09-05 16:24:46,970 INFO  [org.jboss.as.connector.deployers.jdbc] (MSC service thread 1-5) WFLYJCA0018: Started Driver service with driver-name = mysql-new
2024-09-05 16:24:46,971 WARN  [org.wildfly.extension.elytron] (MSC service thread 1-1) WFLYELY00023: KeyStore file 'C:\Users\javit\Desktop\Luciano\Proyectos\JaviCook\wildfly-25.0.1.Final\standalone\configuration\application.keystore' does not exist. Used blank.
2024-09-05 16:24:46,971 INFO  [org.jboss.as.connector.subsystems.datasources] (ServerService Thread Pool -- 44) WFLYJCA0005: Deploying non-JDBC-compliant driver class com.mysql.jdbc.Driver (version 5.1)
2024-09-05 16:24:46,974 INFO  [org.jboss.as.connector.deployers.jdbc] (MSC service thread 1-8) WFLYJCA0018: Started Driver service with driver-name = mysql-new2
2024-09-05 16:24:47,003 WARN  [org.wildfly.extension.elytron] (MSC service thread 1-1) WFLYELY01084: KeyStore C:\Users\javit\Desktop\Luciano\Proyectos\JaviCook\wildfly-25.0.1.Final\standalone\configuration\application.keystore not found, it will be auto generated on first use with a self-signed certificate for host localhost
2024-09-05 16:24:47,056 INFO  [org.wildfly.extension.undertow] (MSC service thread 1-1) WFLYUT0003: Undertow 2.2.12.Final starting
2024-09-05 16:24:47,141 INFO  [org.wildfly.extension.undertow] (ServerService Thread Pool -- 75) WFLYUT0014: Creating file handler for path 'C:\Users\javit\Desktop\Luciano\Proyectos\JaviCook\wildfly-25.0.1.Final/welcome-content' with options [directory-listing: 'false', follow-symlink: 'false', case-sensitive: 'true', safe-symlink-paths: '[]']
2024-09-05 16:24:47,335 INFO  [org.wildfly.extension.io] (ServerService Thread Pool -- 55) WFLYIO001: Worker 'default' has auto-configured to 16 IO threads with 128 max task threads based on your 8 available processors
2024-09-05 16:24:47,409 INFO  [org.jboss.as.ejb3] (MSC service thread 1-7) WFLYEJB0482: Strict pool mdb-strict-max-pool is using a max instance size of 32 (per class), which is derived from the number of CPUs on this host.
2024-09-05 16:24:47,416 INFO  [org.jboss.as.ejb3] (MSC service thread 1-6) WFLYEJB0481: Strict pool slsb-strict-max-pool is using a max instance size of 128 (per class), which is derived from thread worker pool sizing.
2024-09-05 16:24:47,443 INFO  [org.jboss.remoting] (MSC service thread 1-7) JBoss Remoting version 5.0.23.Final
2024-09-05 16:24:47,487 INFO  [org.wildfly.extension.undertow] (MSC service thread 1-6) WFLYUT0012: Started server default-server.
2024-09-05 16:24:47,513 INFO  [org.wildfly.extension.undertow] (MSC service thread 1-8) Queuing requests.
2024-09-05 16:24:47,514 INFO  [org.wildfly.extension.undertow] (MSC service thread 1-8) WFLYUT0018: Host default-host starting
2024-09-05 16:24:47,551 INFO  [org.wildfly.extension.undertow] (MSC service thread 1-2) WFLYUT0006: Undertow HTTP listener default listening on 127.0.0.1:8080
2024-09-05 16:24:47,733 INFO  [org.jboss.as.ejb3] (MSC service thread 1-8) WFLYEJB0493: Jakarta Enterprise Beans subsystem suspension complete
2024-09-05 16:24:47,734 INFO  [org.wildfly.extension.undertow] (MSC service thread 1-1) WFLYUT0006: Undertow HTTPS listener https listening on 127.0.0.1:8443
2024-09-05 16:24:47,845 INFO  [org.jboss.as.connector.subsystems.datasources] (MSC service thread 1-5) WFLYJCA0001: Bound data source [java:jboss/datasources/recetaDS]
2024-09-05 16:24:47,846 INFO  [org.jboss.as.connector.subsystems.datasources] (MSC service thread 1-4) WFLYJCA0001: Bound data source [java:jboss/datasources/agendaDS]
2024-09-05 16:24:48,315 INFO  [org.jboss.as.patching] (MSC service thread 1-7) WFLYPAT0050: WildFly Full cumulative patch ID is: base, one-off patches include: none
2024-09-05 16:24:48,319 INFO  [org.jboss.as.server.deployment.scanner] (MSC service thread 1-8) WFLYDS0013: Started FileSystemDeploymentService for directory C:\Users\javit\Desktop\Luciano\Proyectos\JaviCook\wildfly-25.0.1.Final\standalone\deployments
2024-09-05 16:24:48,611 INFO  [org.jboss.ws.common.management] (MSC service thread 1-4) JBWS022052: Starting JBossWS 5.4.4.Final (Apache CXF 3.4.4) 
2024-09-05 16:24:48,998 INFO  [org.jboss.as.server] (Controller Boot Thread) WFLYSRV0212: Resuming server
2024-09-05 16:24:49,002 INFO  [org.jboss.as] (Controller Boot Thread) WFLYSRV0025: WildFly Full 25.0.1.Final (WildFly Core 17.0.3.Final) started in 7380ms - Started 308 of 548 services (338 services are lazy, passive or on-demand)
2024-09-05 16:24:49,006 INFO  [org.jboss.as] (Controller Boot Thread) WFLYSRV0060: Http management interface listening on http://127.0.0.1:9990/management
2024-09-05 16:24:49,006 INFO  [org.jboss.as] (Controller Boot Thread) WFLYSRV0051: Admin console listening on http://127.0.0.1:9990
2024-09-05 16:24:51,458 INFO  [org.jboss.as.server.deployment] (MSC service thread 1-3) WFLYSRV0027: Starting deployment of "JaviCook-1.0-SNAPSHOT" (runtime-name: "JaviCook-1.0-SNAPSHOT.war")
2024-09-05 16:24:54,613 INFO  [org.jboss.as.jpa] (MSC service thread 1-3) WFLYJPA0002: Read persistence.xml for recetaDS
2024-09-05 16:24:54,789 INFO  [org.jipijapa] (MSC service thread 1-4) JIPIORMV53020253: Second level cache enabled for JaviCook-1.0-SNAPSHOT#recetaDS
2024-09-05 16:24:56,547 INFO  [org.jboss.weld.deployer] (MSC service thread 1-6) WFLYWELD0003: Processing weld deployment JaviCook-1.0-SNAPSHOT.war
2024-09-05 16:24:56,817 INFO  [org.hibernate.validator.internal.util.Version] (MSC service thread 1-6) HV000001: Hibernate Validator 6.0.22.Final
2024-09-05 16:24:57,310 INFO  [org.jboss.as.ejb3.deployment] (MSC service thread 1-6) WFLYEJB0473: JNDI bindings for session bean named 'ComentarioDAO' in deployment unit 'deployment "JaviCook-1.0-SNAPSHOT.war"' are as follows:

	java:global/JaviCook-1.0-SNAPSHOT/ComentarioDAO!dao.ComentarioDAO
	java:app/JaviCook-1.0-SNAPSHOT/ComentarioDAO!dao.ComentarioDAO
	java:module/ComentarioDAO!dao.ComentarioDAO
	java:global/JaviCook-1.0-SNAPSHOT/ComentarioDAO
	java:app/JaviCook-1.0-SNAPSHOT/ComentarioDAO
	java:module/ComentarioDAO

2024-09-05 16:24:57,311 INFO  [org.jboss.as.ejb3.deployment] (MSC service thread 1-6) WFLYEJB0473: JNDI bindings for session bean named 'RecetaDAO' in deployment unit 'deployment "JaviCook-1.0-SNAPSHOT.war"' are as follows:

	java:global/JaviCook-1.0-SNAPSHOT/RecetaDAO!dao.RecetaDAO
	java:app/JaviCook-1.0-SNAPSHOT/RecetaDAO!dao.RecetaDAO
	java:module/RecetaDAO!dao.RecetaDAO
	java:global/JaviCook-1.0-SNAPSHOT/RecetaDAO
	java:app/JaviCook-1.0-SNAPSHOT/RecetaDAO
	java:module/RecetaDAO

2024-09-05 16:24:57,311 INFO  [org.jboss.as.ejb3.deployment] (MSC service thread 1-6) WFLYEJB0473: JNDI bindings for session bean named 'GenericDAO' in deployment unit 'deployment "JaviCook-1.0-SNAPSHOT.war"' are as follows:

	java:global/JaviCook-1.0-SNAPSHOT/GenericDAO!dao.GenericDAO
	java:app/JaviCook-1.0-SNAPSHOT/GenericDAO!dao.GenericDAO
	java:module/GenericDAO!dao.GenericDAO
	java:global/JaviCook-1.0-SNAPSHOT/GenericDAO
	java:app/JaviCook-1.0-SNAPSHOT/GenericDAO
	java:module/GenericDAO

2024-09-05 16:24:57,312 INFO  [org.jboss.as.ejb3.deployment] (MSC service thread 1-6) WFLYEJB0473: JNDI bindings for session bean named 'IngredienteDAO' in deployment unit 'deployment "JaviCook-1.0-SNAPSHOT.war"' are as follows:

	java:global/JaviCook-1.0-SNAPSHOT/IngredienteDAO!dao.IngredienteDAO
	java:app/JaviCook-1.0-SNAPSHOT/IngredienteDAO!dao.IngredienteDAO
	java:module/IngredienteDAO!dao.IngredienteDAO
	java:global/JaviCook-1.0-SNAPSHOT/IngredienteDAO
	java:app/JaviCook-1.0-SNAPSHOT/IngredienteDAO
	java:module/IngredienteDAO

2024-09-05 16:24:57,312 INFO  [org.jboss.as.ejb3.deployment] (MSC service thread 1-6) WFLYEJB0473: JNDI bindings for session bean named 'UsuarioDAO' in deployment unit 'deployment "JaviCook-1.0-SNAPSHOT.war"' are as follows:

	java:global/JaviCook-1.0-SNAPSHOT/UsuarioDAO!dao.UsuarioDAO
	java:app/JaviCook-1.0-SNAPSHOT/UsuarioDAO!dao.UsuarioDAO
	java:module/UsuarioDAO!dao.UsuarioDAO
	java:global/JaviCook-1.0-SNAPSHOT/UsuarioDAO
	java:app/JaviCook-1.0-SNAPSHOT/UsuarioDAO
	java:module/UsuarioDAO

2024-09-05 16:24:57,741 INFO  [org.infinispan.CONTAINER] (ServerService Thread Pool -- 78) ISPN000128: Infinispan version: Infinispan 'Taedonggang' 12.1.7.Final
2024-09-05 16:24:57,919 INFO  [org.jboss.as.jpa] (ServerService Thread Pool -- 78) WFLYJPA0010: Starting Persistence Unit (phase 1 of 2) Service 'JaviCook-1.0-SNAPSHOT#recetaDS'
2024-09-05 16:24:57,970 INFO  [org.hibernate.jpa.internal.util.LogHelper] (ServerService Thread Pool -- 78) HHH000204: Processing PersistenceUnitInfo [
	name: recetaDS
	...]
2024-09-05 16:24:57,977 INFO  [io.jaegertracing.internal.JaegerTracer] (MSC service thread 1-6) No shutdown hook registered: Please call close() manually on application shutdown.
2024-09-05 16:24:57,983 INFO  [org.wildfly.microprofile.opentracing.smallrye] (MSC service thread 1-6) WFLYTRAC0001: Tracer initialized: JaegerTracer(version=Java-1.6.0, serviceName=JaviCook-1.0-SNAPSHOT.war, reporter=RemoteReporter(sender=org.wildfly.extension.microprofile.opentracing.spi.sender.WildFlySender@25a00601, closeEnqueueTimeout=1000), sampler=ConstSampler(decision=true, tags={sampler.type=const, sampler.param=true}), tags={hostname=LAPTOP-E5RPR3KK, jaeger.version=Java-1.6.0, ip=172.29.224.1}, zipkinSharedRpcSpan=false, expandExceptionLogs=false, useTraceId128Bit=false)
2024-09-05 16:24:58,172 INFO  [org.hibernate.Version] (ServerService Thread Pool -- 78) HHH000412: Hibernate Core {5.3.23.Final}
2024-09-05 16:24:58,179 INFO  [org.hibernate.cfg.Environment] (ServerService Thread Pool -- 78) HHH000206: hibernate.properties not found
2024-09-05 16:24:58,263 INFO  [org.infinispan.CONFIG] (MSC service thread 1-5) ISPN000152: Passivation configured without an eviction policy being selected. Only manually evicted entities will be passivated.
2024-09-05 16:24:58,266 INFO  [org.infinispan.CONFIG] (MSC service thread 1-5) ISPN000152: Passivation configured without an eviction policy being selected. Only manually evicted entities will be passivated.
2024-09-05 16:24:58,398 INFO  [org.infinispan.CONTAINER] (ServerService Thread Pool -- 13) ISPN000556: Starting user marshaller 'org.wildfly.clustering.infinispan.spi.marshalling.InfinispanProtoStreamMarshaller'
2024-09-05 16:24:58,558 INFO  [org.jipijapa] (MSC service thread 1-6) JIPIORMV53020253: Second level cache enabled for JaviCook-1.0-SNAPSHOT#recetaDS
2024-09-05 16:24:58,743 INFO  [org.infinispan.CONTAINER] (ServerService Thread Pool -- 13) ISPN000025: wakeUpInterval is <= 0, not starting expired purge thread
2024-09-05 16:24:58,824 INFO  [org.jboss.as.clustering.infinispan] (ServerService Thread Pool -- 13) WFLYCLINF0002: Started http-remoting-connector cache from ejb container
2024-09-05 16:24:58,881 INFO  [org.jboss.as.connector.deployers.jdbc] (MSC service thread 1-6) WFLYJCA0005: Deploying non-JDBC-compliant driver class com.mysql.cj.jdbc.Driver (version 8.0)
2024-09-05 16:24:58,970 INFO  [org.hibernate.annotations.common.Version] (ServerService Thread Pool -- 78) HCANN000001: Hibernate Commons Annotations {5.0.5.Final}
2024-09-05 16:24:58,980 INFO  [org.jboss.weld.Version] (MSC service thread 1-6) WELD-000900: 3.1.8 (Final)
2024-09-05 16:24:59,174 INFO  [org.jboss.as.connector.deployers.jdbc] (MSC service thread 1-5) WFLYJCA0018: Started Driver service with driver-name = JaviCook-1.0-SNAPSHOT.war_com.mysql.cj.jdbc.Driver_8_0
2024-09-05 16:24:59,972 INFO  [org.jboss.as.jpa] (ServerService Thread Pool -- 78) WFLYJPA0010: Starting Persistence Unit (phase 2 of 2) Service 'JaviCook-1.0-SNAPSHOT#recetaDS'
2024-09-05 16:25:00,510 INFO  [org.hibernate.dialect.Dialect] (ServerService Thread Pool -- 78) HHH000400: Using dialect: org.hibernate.dialect.MySQL5InnoDBDialect
2024-09-05 16:25:00,628 INFO  [org.hibernate.envers.boot.internal.EnversServiceImpl] (ServerService Thread Pool -- 78) Envers integration enabled? : true
2024-09-05 16:25:03,185 WARN  [org.hibernate.tool.schema.internal.ExceptionHandlerLoggedImpl] (ServerService Thread Pool -- 78) GenerationTarget encountered exception accepting command : Error executing DDL "alter table comentario add constraint FKk1d9f48uo7h7clegbnx1slqd9 foreign key (receta_id) references receta (id)" via JDBC Statement: org.hibernate.tool.schema.spi.CommandAcceptanceException: Error executing DDL "alter table comentario add constraint FKk1d9f48uo7h7clegbnx1slqd9 foreign key (receta_id) references receta (id)" via JDBC Statement
	at org.hibernate@5.3.23.Final//org.hibernate.tool.schema.internal.exec.GenerationTargetToDatabase.accept(GenerationTargetToDatabase.java:67)
	at org.hibernate@5.3.23.Final//org.hibernate.tool.schema.internal.AbstractSchemaMigrator.applySqlString(AbstractSchemaMigrator.java:559)
	at org.hibernate@5.3.23.Final//org.hibernate.tool.schema.internal.AbstractSchemaMigrator.applySqlStrings(AbstractSchemaMigrator.java:504)
	at org.hibernate@5.3.23.Final//org.hibernate.tool.schema.internal.AbstractSchemaMigrator.applyForeignKeys(AbstractSchemaMigrator.java:433)
	at org.hibernate@5.3.23.Final//org.hibernate.tool.schema.internal.AbstractSchemaMigrator.performMigration(AbstractSchemaMigrator.java:249)
	at org.hibernate@5.3.23.Final//org.hibernate.tool.schema.internal.AbstractSchemaMigrator.doMigration(AbstractSchemaMigrator.java:114)
	at org.hibernate@5.3.23.Final//org.hibernate.tool.schema.spi.SchemaManagementToolCoordinator.performDatabaseAction(SchemaManagementToolCoordinator.java:183)
	at org.hibernate@5.3.23.Final//org.hibernate.tool.schema.spi.SchemaManagementToolCoordinator.process(SchemaManagementToolCoordinator.java:72)
	at org.hibernate@5.3.23.Final//org.hibernate.internal.SessionFactoryImpl.<init>(SessionFactoryImpl.java:310)
	at org.hibernate@5.3.23.Final//org.hibernate.boot.internal.SessionFactoryBuilderImpl.build(SessionFactoryBuilderImpl.java:467)
	at org.hibernate@5.3.23.Final//org.hibernate.jpa.boot.internal.EntityManagerFactoryBuilderImpl.build(EntityManagerFactoryBuilderImpl.java:1250)
	at org.hibernate.jipijapa-hibernate5-3@25.0.1.Final//org.jboss.as.jpa.hibernate5.TwoPhaseBootstrapImpl.build(TwoPhaseBootstrapImpl.java:44)
	at org.jboss.as.jpa@25.0.1.Final//org.jboss.as.jpa.service.PersistenceUnitServiceImpl$1$1.run(PersistenceUnitServiceImpl.java:170)
	at org.jboss.as.jpa@25.0.1.Final//org.jboss.as.jpa.service.PersistenceUnitServiceImpl$1$1.run(PersistenceUnitServiceImpl.java:128)
	at java.base/java.security.AccessController.doPrivileged(AccessController.java:391)
	at org.wildfly.security.elytron-base@1.17.1.Final//org.wildfly.security.manager.WildFlySecurityManager.doChecked(WildFlySecurityManager.java:664)
	at org.jboss.as.jpa@25.0.1.Final//org.jboss.as.jpa.service.PersistenceUnitServiceImpl$1.run(PersistenceUnitServiceImpl.java:213)
	at org.jboss.threads@2.4.0.Final//org.jboss.threads.ContextClassLoaderSavingRunnable.run(ContextClassLoaderSavingRunnable.java:35)
	at org.jboss.threads@2.4.0.Final//org.jboss.threads.EnhancedQueueExecutor.safeRun(EnhancedQueueExecutor.java:1990)
	at org.jboss.threads@2.4.0.Final//org.jboss.threads.EnhancedQueueExecutor$ThreadBody.doRunTask(EnhancedQueueExecutor.java:1486)
	at org.jboss.threads@2.4.0.Final//org.jboss.threads.EnhancedQueueExecutor$ThreadBody.run(EnhancedQueueExecutor.java:1377)
	at java.base/java.lang.Thread.run(Thread.java:832)
	at org.jboss.threads@2.4.0.Final//org.jboss.threads.JBossThread.run(JBossThread.java:513)
Caused by: java.sql.SQLException: Can't create table `recetas`.`comentario` (errno: 150 "Foreign key constraint is incorrectly formed")
	at com.mysql@5.1.48//com.mysql.jdbc.SQLError.createSQLException(SQLError.java:965)
	at com.mysql@5.1.48//com.mysql.jdbc.MysqlIO.checkErrorPacket(MysqlIO.java:3933)
	at com.mysql@5.1.48//com.mysql.jdbc.MysqlIO.checkErrorPacket(MysqlIO.java:3869)
	at com.mysql@5.1.48//com.mysql.jdbc.MysqlIO.sendCommand(MysqlIO.java:2524)
	at com.mysql@5.1.48//com.mysql.jdbc.MysqlIO.sqlQueryDirect(MysqlIO.java:2675)
	at com.mysql@5.1.48//com.mysql.jdbc.ConnectionImpl.execSQL(ConnectionImpl.java:2465)
	at com.mysql@5.1.48//com.mysql.jdbc.ConnectionImpl.execSQL(ConnectionImpl.java:2439)
	at com.mysql@5.1.48//com.mysql.jdbc.StatementImpl.executeInternal(StatementImpl.java:829)
	at com.mysql@5.1.48//com.mysql.jdbc.StatementImpl.execute(StatementImpl.java:729)
	at org.jboss.ironjacamar.jdbcadapters@1.5.2.Final//org.jboss.jca.adapters.jdbc.WrappedStatement.execute(WrappedStatement.java:198)
	at org.hibernate@5.3.23.Final//org.hibernate.tool.schema.internal.exec.GenerationTargetToDatabase.accept(GenerationTargetToDatabase.java:54)
	... 22 more

2024-09-05 16:25:03,213 WARN  [org.hibernate.tool.schema.internal.ExceptionHandlerLoggedImpl] (ServerService Thread Pool -- 78) GenerationTarget encountered exception accepting command : Error executing DDL "alter table comentario add constraint FKixspmid2pb85o8ypsd20jakxg foreign key (usuario_id) references usuario (id)" via JDBC Statement: org.hibernate.tool.schema.spi.CommandAcceptanceException: Error executing DDL "alter table comentario add constraint FKixspmid2pb85o8ypsd20jakxg foreign key (usuario_id) references usuario (id)" via JDBC Statement
	at org.hibernate@5.3.23.Final//org.hibernate.tool.schema.internal.exec.GenerationTargetToDatabase.accept(GenerationTargetToDatabase.java:67)
	at org.hibernate@5.3.23.Final//org.hibernate.tool.schema.internal.AbstractSchemaMigrator.applySqlString(AbstractSchemaMigrator.java:559)
	at org.hibernate@5.3.23.Final//org.hibernate.tool.schema.internal.AbstractSchemaMigrator.applySqlStrings(AbstractSchemaMigrator.java:504)
	at org.hibernate@5.3.23.Final//org.hibernate.tool.schema.internal.AbstractSchemaMigrator.applyForeignKeys(AbstractSchemaMigrator.java:433)
	at org.hibernate@5.3.23.Final//org.hibernate.tool.schema.internal.AbstractSchemaMigrator.performMigration(AbstractSchemaMigrator.java:249)
	at org.hibernate@5.3.23.Final//org.hibernate.tool.schema.internal.AbstractSchemaMigrator.doMigration(AbstractSchemaMigrator.java:114)
	at org.hibernate@5.3.23.Final//org.hibernate.tool.schema.spi.SchemaManagementToolCoordinator.performDatabaseAction(SchemaManagementToolCoordinator.java:183)
	at org.hibernate@5.3.23.Final//org.hibernate.tool.schema.spi.SchemaManagementToolCoordinator.process(SchemaManagementToolCoordinator.java:72)
	at org.hibernate@5.3.23.Final//org.hibernate.internal.SessionFactoryImpl.<init>(SessionFactoryImpl.java:310)
	at org.hibernate@5.3.23.Final//org.hibernate.boot.internal.SessionFactoryBuilderImpl.build(SessionFactoryBuilderImpl.java:467)
	at org.hibernate@5.3.23.Final//org.hibernate.jpa.boot.internal.EntityManagerFactoryBuilderImpl.build(EntityManagerFactoryBuilderImpl.java:1250)
	at org.hibernate.jipijapa-hibernate5-3@25.0.1.Final//org.jboss.as.jpa.hibernate5.TwoPhaseBootstrapImpl.build(TwoPhaseBootstrapImpl.java:44)
	at org.jboss.as.jpa@25.0.1.Final//org.jboss.as.jpa.service.PersistenceUnitServiceImpl$1$1.run(PersistenceUnitServiceImpl.java:170)
	at org.jboss.as.jpa@25.0.1.Final//org.jboss.as.jpa.service.PersistenceUnitServiceImpl$1$1.run(PersistenceUnitServiceImpl.java:128)
	at java.base/java.security.AccessController.doPrivileged(AccessController.java:391)
	at org.wildfly.security.elytron-base@1.17.1.Final//org.wildfly.security.manager.WildFlySecurityManager.doChecked(WildFlySecurityManager.java:664)
	at org.jboss.as.jpa@25.0.1.Final//org.jboss.as.jpa.service.PersistenceUnitServiceImpl$1.run(PersistenceUnitServiceImpl.java:213)
	at org.jboss.threads@2.4.0.Final//org.jboss.threads.ContextClassLoaderSavingRunnable.run(ContextClassLoaderSavingRunnable.java:35)
	at org.jboss.threads@2.4.0.Final//org.jboss.threads.EnhancedQueueExecutor.safeRun(EnhancedQueueExecutor.java:1990)
	at org.jboss.threads@2.4.0.Final//org.jboss.threads.EnhancedQueueExecutor$ThreadBody.doRunTask(EnhancedQueueExecutor.java:1486)
	at org.jboss.threads@2.4.0.Final//org.jboss.threads.EnhancedQueueExecutor$ThreadBody.run(EnhancedQueueExecutor.java:1377)
	at java.base/java.lang.Thread.run(Thread.java:832)
	at org.jboss.threads@2.4.0.Final//org.jboss.threads.JBossThread.run(JBossThread.java:513)
Caused by: java.sql.SQLException: Can't create table `recetas`.`comentario` (errno: 150 "Foreign key constraint is incorrectly formed")
	at com.mysql@5.1.48//com.mysql.jdbc.SQLError.createSQLException(SQLError.java:965)
	at com.mysql@5.1.48//com.mysql.jdbc.MysqlIO.checkErrorPacket(MysqlIO.java:3933)
	at com.mysql@5.1.48//com.mysql.jdbc.MysqlIO.checkErrorPacket(MysqlIO.java:3869)
	at com.mysql@5.1.48//com.mysql.jdbc.MysqlIO.sendCommand(MysqlIO.java:2524)
	at com.mysql@5.1.48//com.mysql.jdbc.MysqlIO.sqlQueryDirect(MysqlIO.java:2675)
	at com.mysql@5.1.48//com.mysql.jdbc.ConnectionImpl.execSQL(ConnectionImpl.java:2465)
	at com.mysql@5.1.48//com.mysql.jdbc.ConnectionImpl.execSQL(ConnectionImpl.java:2439)
	at com.mysql@5.1.48//com.mysql.jdbc.StatementImpl.executeInternal(StatementImpl.java:829)
	at com.mysql@5.1.48//com.mysql.jdbc.StatementImpl.execute(StatementImpl.java:729)
	at org.jboss.ironjacamar.jdbcadapters@1.5.2.Final//org.jboss.jca.adapters.jdbc.WrappedStatement.execute(WrappedStatement.java:198)
	at org.hibernate@5.3.23.Final//org.hibernate.tool.schema.internal.exec.GenerationTargetToDatabase.accept(GenerationTargetToDatabase.java:54)
	... 22 more

2024-09-05 16:25:03,242 WARN  [org.hibernate.tool.schema.internal.ExceptionHandlerLoggedImpl] (ServerService Thread Pool -- 78) GenerationTarget encountered exception accepting command : Error executing DDL "alter table pasos_receta add constraint FKna4jbb5khhwv763fgmt0pps5b foreign key (RECETA_ID) references receta (id)" via JDBC Statement: org.hibernate.tool.schema.spi.CommandAcceptanceException: Error executing DDL "alter table pasos_receta add constraint FKna4jbb5khhwv763fgmt0pps5b foreign key (RECETA_ID) references receta (id)" via JDBC Statement
	at org.hibernate@5.3.23.Final//org.hibernate.tool.schema.internal.exec.GenerationTargetToDatabase.accept(GenerationTargetToDatabase.java:67)
	at org.hibernate@5.3.23.Final//org.hibernate.tool.schema.internal.AbstractSchemaMigrator.applySqlString(AbstractSchemaMigrator.java:559)
	at org.hibernate@5.3.23.Final//org.hibernate.tool.schema.internal.AbstractSchemaMigrator.applySqlStrings(AbstractSchemaMigrator.java:504)
	at org.hibernate@5.3.23.Final//org.hibernate.tool.schema.internal.AbstractSchemaMigrator.applyForeignKeys(AbstractSchemaMigrator.java:433)
	at org.hibernate@5.3.23.Final//org.hibernate.tool.schema.internal.AbstractSchemaMigrator.performMigration(AbstractSchemaMigrator.java:249)
	at org.hibernate@5.3.23.Final//org.hibernate.tool.schema.internal.AbstractSchemaMigrator.doMigration(AbstractSchemaMigrator.java:114)
	at org.hibernate@5.3.23.Final//org.hibernate.tool.schema.spi.SchemaManagementToolCoordinator.performDatabaseAction(SchemaManagementToolCoordinator.java:183)
	at org.hibernate@5.3.23.Final//org.hibernate.tool.schema.spi.SchemaManagementToolCoordinator.process(SchemaManagementToolCoordinator.java:72)
	at org.hibernate@5.3.23.Final//org.hibernate.internal.SessionFactoryImpl.<init>(SessionFactoryImpl.java:310)
	at org.hibernate@5.3.23.Final//org.hibernate.boot.internal.SessionFactoryBuilderImpl.build(SessionFactoryBuilderImpl.java:467)
	at org.hibernate@5.3.23.Final//org.hibernate.jpa.boot.internal.EntityManagerFactoryBuilderImpl.build(EntityManagerFactoryBuilderImpl.java:1250)
	at org.hibernate.jipijapa-hibernate5-3@25.0.1.Final//org.jboss.as.jpa.hibernate5.TwoPhaseBootstrapImpl.build(TwoPhaseBootstrapImpl.java:44)
	at org.jboss.as.jpa@25.0.1.Final//org.jboss.as.jpa.service.PersistenceUnitServiceImpl$1$1.run(PersistenceUnitServiceImpl.java:170)
	at org.jboss.as.jpa@25.0.1.Final//org.jboss.as.jpa.service.PersistenceUnitServiceImpl$1$1.run(PersistenceUnitServiceImpl.java:128)
	at java.base/java.security.AccessController.doPrivileged(AccessController.java:391)
	at org.wildfly.security.elytron-base@1.17.1.Final//org.wildfly.security.manager.WildFlySecurityManager.doChecked(WildFlySecurityManager.java:664)
	at org.jboss.as.jpa@25.0.1.Final//org.jboss.as.jpa.service.PersistenceUnitServiceImpl$1.run(PersistenceUnitServiceImpl.java:213)
	at org.jboss.threads@2.4.0.Final//org.jboss.threads.ContextClassLoaderSavingRunnable.run(ContextClassLoaderSavingRunnable.java:35)
	at org.jboss.threads@2.4.0.Final//org.jboss.threads.EnhancedQueueExecutor.safeRun(EnhancedQueueExecutor.java:1990)
	at org.jboss.threads@2.4.0.Final//org.jboss.threads.EnhancedQueueExecutor$ThreadBody.doRunTask(EnhancedQueueExecutor.java:1486)
	at org.jboss.threads@2.4.0.Final//org.jboss.threads.EnhancedQueueExecutor$ThreadBody.run(EnhancedQueueExecutor.java:1377)
	at java.base/java.lang.Thread.run(Thread.java:832)
	at org.jboss.threads@2.4.0.Final//org.jboss.threads.JBossThread.run(JBossThread.java:513)
Caused by: java.sql.SQLException: Can't create table `recetas`.`pasos_receta` (errno: 150 "Foreign key constraint is incorrectly formed")
	at com.mysql@5.1.48//com.mysql.jdbc.SQLError.createSQLException(SQLError.java:965)
	at com.mysql@5.1.48//com.mysql.jdbc.MysqlIO.checkErrorPacket(MysqlIO.java:3933)
	at com.mysql@5.1.48//com.mysql.jdbc.MysqlIO.checkErrorPacket(MysqlIO.java:3869)
	at com.mysql@5.1.48//com.mysql.jdbc.MysqlIO.sendCommand(MysqlIO.java:2524)
	at com.mysql@5.1.48//com.mysql.jdbc.MysqlIO.sqlQueryDirect(MysqlIO.java:2675)
	at com.mysql@5.1.48//com.mysql.jdbc.ConnectionImpl.execSQL(ConnectionImpl.java:2465)
	at com.mysql@5.1.48//com.mysql.jdbc.ConnectionImpl.execSQL(ConnectionImpl.java:2439)
	at com.mysql@5.1.48//com.mysql.jdbc.StatementImpl.executeInternal(StatementImpl.java:829)
	at com.mysql@5.1.48//com.mysql.jdbc.StatementImpl.execute(StatementImpl.java:729)
	at org.jboss.ironjacamar.jdbcadapters@1.5.2.Final//org.jboss.jca.adapters.jdbc.WrappedStatement.execute(WrappedStatement.java:198)
	at org.hibernate@5.3.23.Final//org.hibernate.tool.schema.internal.exec.GenerationTargetToDatabase.accept(GenerationTargetToDatabase.java:54)
	... 22 more

2024-09-05 16:25:03,304 WARN  [org.hibernate.tool.schema.internal.ExceptionHandlerLoggedImpl] (ServerService Thread Pool -- 78) GenerationTarget encountered exception accepting command : Error executing DDL "alter table receta_ingrediente add constraint FKola73sxe45b3oyhcbddrapwi4 foreign key (id_ingrediente) references ingrediente (id)" via JDBC Statement: org.hibernate.tool.schema.spi.CommandAcceptanceException: Error executing DDL "alter table receta_ingrediente add constraint FKola73sxe45b3oyhcbddrapwi4 foreign key (id_ingrediente) references ingrediente (id)" via JDBC Statement
	at org.hibernate@5.3.23.Final//org.hibernate.tool.schema.internal.exec.GenerationTargetToDatabase.accept(GenerationTargetToDatabase.java:67)
	at org.hibernate@5.3.23.Final//org.hibernate.tool.schema.internal.AbstractSchemaMigrator.applySqlString(AbstractSchemaMigrator.java:559)
	at org.hibernate@5.3.23.Final//org.hibernate.tool.schema.internal.AbstractSchemaMigrator.applySqlStrings(AbstractSchemaMigrator.java:504)
	at org.hibernate@5.3.23.Final//org.hibernate.tool.schema.internal.AbstractSchemaMigrator.applyForeignKeys(AbstractSchemaMigrator.java:433)
	at org.hibernate@5.3.23.Final//org.hibernate.tool.schema.internal.AbstractSchemaMigrator.performMigration(AbstractSchemaMigrator.java:249)
	at org.hibernate@5.3.23.Final//org.hibernate.tool.schema.internal.AbstractSchemaMigrator.doMigration(AbstractSchemaMigrator.java:114)
	at org.hibernate@5.3.23.Final//org.hibernate.tool.schema.spi.SchemaManagementToolCoordinator.performDatabaseAction(SchemaManagementToolCoordinator.java:183)
	at org.hibernate@5.3.23.Final//org.hibernate.tool.schema.spi.SchemaManagementToolCoordinator.process(SchemaManagementToolCoordinator.java:72)
	at org.hibernate@5.3.23.Final//org.hibernate.internal.SessionFactoryImpl.<init>(SessionFactoryImpl.java:310)
	at org.hibernate@5.3.23.Final//org.hibernate.boot.internal.SessionFactoryBuilderImpl.build(SessionFactoryBuilderImpl.java:467)
	at org.hibernate@5.3.23.Final//org.hibernate.jpa.boot.internal.EntityManagerFactoryBuilderImpl.build(EntityManagerFactoryBuilderImpl.java:1250)
	at org.hibernate.jipijapa-hibernate5-3@25.0.1.Final//org.jboss.as.jpa.hibernate5.TwoPhaseBootstrapImpl.build(TwoPhaseBootstrapImpl.java:44)
	at org.jboss.as.jpa@25.0.1.Final//org.jboss.as.jpa.service.PersistenceUnitServiceImpl$1$1.run(PersistenceUnitServiceImpl.java:170)
	at org.jboss.as.jpa@25.0.1.Final//org.jboss.as.jpa.service.PersistenceUnitServiceImpl$1$1.run(PersistenceUnitServiceImpl.java:128)
	at java.base/java.security.AccessController.doPrivileged(AccessController.java:391)
	at org.wildfly.security.elytron-base@1.17.1.Final//org.wildfly.security.manager.WildFlySecurityManager.doChecked(WildFlySecurityManager.java:664)
	at org.jboss.as.jpa@25.0.1.Final//org.jboss.as.jpa.service.PersistenceUnitServiceImpl$1.run(PersistenceUnitServiceImpl.java:213)
	at org.jboss.threads@2.4.0.Final//org.jboss.threads.ContextClassLoaderSavingRunnable.run(ContextClassLoaderSavingRunnable.java:35)
	at org.jboss.threads@2.4.0.Final//org.jboss.threads.EnhancedQueueExecutor.safeRun(EnhancedQueueExecutor.java:1990)
	at org.jboss.threads@2.4.0.Final//org.jboss.threads.EnhancedQueueExecutor$ThreadBody.doRunTask(EnhancedQueueExecutor.java:1486)
	at org.jboss.threads@2.4.0.Final//org.jboss.threads.EnhancedQueueExecutor$ThreadBody.run(EnhancedQueueExecutor.java:1377)
	at java.base/java.lang.Thread.run(Thread.java:832)
	at org.jboss.threads@2.4.0.Final//org.jboss.threads.JBossThread.run(JBossThread.java:513)
Caused by: java.sql.SQLException: Can't create table `recetas`.`receta_ingrediente` (errno: 150 "Foreign key constraint is incorrectly formed")
	at com.mysql@5.1.48//com.mysql.jdbc.SQLError.createSQLException(SQLError.java:965)
	at com.mysql@5.1.48//com.mysql.jdbc.MysqlIO.checkErrorPacket(MysqlIO.java:3933)
	at com.mysql@5.1.48//com.mysql.jdbc.MysqlIO.checkErrorPacket(MysqlIO.java:3869)
	at com.mysql@5.1.48//com.mysql.jdbc.MysqlIO.sendCommand(MysqlIO.java:2524)
	at com.mysql@5.1.48//com.mysql.jdbc.MysqlIO.sqlQueryDirect(MysqlIO.java:2675)
	at com.mysql@5.1.48//com.mysql.jdbc.ConnectionImpl.execSQL(ConnectionImpl.java:2465)
	at com.mysql@5.1.48//com.mysql.jdbc.ConnectionImpl.execSQL(ConnectionImpl.java:2439)
	at com.mysql@5.1.48//com.mysql.jdbc.StatementImpl.executeInternal(StatementImpl.java:829)
	at com.mysql@5.1.48//com.mysql.jdbc.StatementImpl.execute(StatementImpl.java:729)
	at org.jboss.ironjacamar.jdbcadapters@1.5.2.Final//org.jboss.jca.adapters.jdbc.WrappedStatement.execute(WrappedStatement.java:198)
	at org.hibernate@5.3.23.Final//org.hibernate.tool.schema.internal.exec.GenerationTargetToDatabase.accept(GenerationTargetToDatabase.java:54)
	... 22 more

2024-09-05 16:25:03,338 WARN  [org.hibernate.tool.schema.internal.ExceptionHandlerLoggedImpl] (ServerService Thread Pool -- 78) GenerationTarget encountered exception accepting command : Error executing DDL "alter table receta_ingrediente add constraint FKblhf7nm4vdsnsqw94tm2onqmm foreign key (id_receta) references receta (id)" via JDBC Statement: org.hibernate.tool.schema.spi.CommandAcceptanceException: Error executing DDL "alter table receta_ingrediente add constraint FKblhf7nm4vdsnsqw94tm2onqmm foreign key (id_receta) references receta (id)" via JDBC Statement
	at org.hibernate@5.3.23.Final//org.hibernate.tool.schema.internal.exec.GenerationTargetToDatabase.accept(GenerationTargetToDatabase.java:67)
	at org.hibernate@5.3.23.Final//org.hibernate.tool.schema.internal.AbstractSchemaMigrator.applySqlString(AbstractSchemaMigrator.java:559)
	at org.hibernate@5.3.23.Final//org.hibernate.tool.schema.internal.AbstractSchemaMigrator.applySqlStrings(AbstractSchemaMigrator.java:504)
	at org.hibernate@5.3.23.Final//org.hibernate.tool.schema.internal.AbstractSchemaMigrator.applyForeignKeys(AbstractSchemaMigrator.java:433)
	at org.hibernate@5.3.23.Final//org.hibernate.tool.schema.internal.AbstractSchemaMigrator.performMigration(AbstractSchemaMigrator.java:249)
	at org.hibernate@5.3.23.Final//org.hibernate.tool.schema.internal.AbstractSchemaMigrator.doMigration(AbstractSchemaMigrator.java:114)
	at org.hibernate@5.3.23.Final//org.hibernate.tool.schema.spi.SchemaManagementToolCoordinator.performDatabaseAction(SchemaManagementToolCoordinator.java:183)
	at org.hibernate@5.3.23.Final//org.hibernate.tool.schema.spi.SchemaManagementToolCoordinator.process(SchemaManagementToolCoordinator.java:72)
	at org.hibernate@5.3.23.Final//org.hibernate.internal.SessionFactoryImpl.<init>(SessionFactoryImpl.java:310)
	at org.hibernate@5.3.23.Final//org.hibernate.boot.internal.SessionFactoryBuilderImpl.build(SessionFactoryBuilderImpl.java:467)
	at org.hibernate@5.3.23.Final//org.hibernate.jpa.boot.internal.EntityManagerFactoryBuilderImpl.build(EntityManagerFactoryBuilderImpl.java:1250)
	at org.hibernate.jipijapa-hibernate5-3@25.0.1.Final//org.jboss.as.jpa.hibernate5.TwoPhaseBootstrapImpl.build(TwoPhaseBootstrapImpl.java:44)
	at org.jboss.as.jpa@25.0.1.Final//org.jboss.as.jpa.service.PersistenceUnitServiceImpl$1$1.run(PersistenceUnitServiceImpl.java:170)
	at org.jboss.as.jpa@25.0.1.Final//org.jboss.as.jpa.service.PersistenceUnitServiceImpl$1$1.run(PersistenceUnitServiceImpl.java:128)
	at java.base/java.security.AccessController.doPrivileged(AccessController.java:391)
	at org.wildfly.security.elytron-base@1.17.1.Final//org.wildfly.security.manager.WildFlySecurityManager.doChecked(WildFlySecurityManager.java:664)
	at org.jboss.as.jpa@25.0.1.Final//org.jboss.as.jpa.service.PersistenceUnitServiceImpl$1.run(PersistenceUnitServiceImpl.java:213)
	at org.jboss.threads@2.4.0.Final//org.jboss.threads.ContextClassLoaderSavingRunnable.run(ContextClassLoaderSavingRunnable.java:35)
	at org.jboss.threads@2.4.0.Final//org.jboss.threads.EnhancedQueueExecutor.safeRun(EnhancedQueueExecutor.java:1990)
	at org.jboss.threads@2.4.0.Final//org.jboss.threads.EnhancedQueueExecutor$ThreadBody.doRunTask(EnhancedQueueExecutor.java:1486)
	at org.jboss.threads@2.4.0.Final//org.jboss.threads.EnhancedQueueExecutor$ThreadBody.run(EnhancedQueueExecutor.java:1377)
	at java.base/java.lang.Thread.run(Thread.java:832)
	at org.jboss.threads@2.4.0.Final//org.jboss.threads.JBossThread.run(JBossThread.java:513)
Caused by: java.sql.SQLException: Can't create table `recetas`.`receta_ingrediente` (errno: 150 "Foreign key constraint is incorrectly formed")
	at com.mysql@5.1.48//com.mysql.jdbc.SQLError.createSQLException(SQLError.java:965)
	at com.mysql@5.1.48//com.mysql.jdbc.MysqlIO.checkErrorPacket(MysqlIO.java:3933)
	at com.mysql@5.1.48//com.mysql.jdbc.MysqlIO.checkErrorPacket(MysqlIO.java:3869)
	at com.mysql@5.1.48//com.mysql.jdbc.MysqlIO.sendCommand(MysqlIO.java:2524)
	at com.mysql@5.1.48//com.mysql.jdbc.MysqlIO.sqlQueryDirect(MysqlIO.java:2675)
	at com.mysql@5.1.48//com.mysql.jdbc.ConnectionImpl.execSQL(ConnectionImpl.java:2465)
	at com.mysql@5.1.48//com.mysql.jdbc.ConnectionImpl.execSQL(ConnectionImpl.java:2439)
	at com.mysql@5.1.48//com.mysql.jdbc.StatementImpl.executeInternal(StatementImpl.java:829)
	at com.mysql@5.1.48//com.mysql.jdbc.StatementImpl.execute(StatementImpl.java:729)
	at org.jboss.ironjacamar.jdbcadapters@1.5.2.Final//org.jboss.jca.adapters.jdbc.WrappedStatement.execute(WrappedStatement.java:198)
	at org.hibernate@5.3.23.Final//org.hibernate.tool.schema.internal.exec.GenerationTargetToDatabase.accept(GenerationTargetToDatabase.java:54)
	... 22 more

2024-09-05 16:25:03,369 WARN  [org.hibernate.tool.schema.internal.ExceptionHandlerLoggedImpl] (ServerService Thread Pool -- 78) GenerationTarget encountered exception accepting command : Error executing DDL "alter table receta_ingredientes_cantidades add constraint FKeshgjdftwwoy4tqcimtqhhfgf foreign key (RECETA_ID) references receta (id)" via JDBC Statement: org.hibernate.tool.schema.spi.CommandAcceptanceException: Error executing DDL "alter table receta_ingredientes_cantidades add constraint FKeshgjdftwwoy4tqcimtqhhfgf foreign key (RECETA_ID) references receta (id)" via JDBC Statement
	at org.hibernate@5.3.23.Final//org.hibernate.tool.schema.internal.exec.GenerationTargetToDatabase.accept(GenerationTargetToDatabase.java:67)
	at org.hibernate@5.3.23.Final//org.hibernate.tool.schema.internal.AbstractSchemaMigrator.applySqlString(AbstractSchemaMigrator.java:559)
	at org.hibernate@5.3.23.Final//org.hibernate.tool.schema.internal.AbstractSchemaMigrator.applySqlStrings(AbstractSchemaMigrator.java:504)
	at org.hibernate@5.3.23.Final//org.hibernate.tool.schema.internal.AbstractSchemaMigrator.applyForeignKeys(AbstractSchemaMigrator.java:433)
	at org.hibernate@5.3.23.Final//org.hibernate.tool.schema.internal.AbstractSchemaMigrator.performMigration(AbstractSchemaMigrator.java:249)
	at org.hibernate@5.3.23.Final//org.hibernate.tool.schema.internal.AbstractSchemaMigrator.doMigration(AbstractSchemaMigrator.java:114)
	at org.hibernate@5.3.23.Final//org.hibernate.tool.schema.spi.SchemaManagementToolCoordinator.performDatabaseAction(SchemaManagementToolCoordinator.java:183)
	at org.hibernate@5.3.23.Final//org.hibernate.tool.schema.spi.SchemaManagementToolCoordinator.process(SchemaManagementToolCoordinator.java:72)
	at org.hibernate@5.3.23.Final//org.hibernate.internal.SessionFactoryImpl.<init>(SessionFactoryImpl.java:310)
	at org.hibernate@5.3.23.Final//org.hibernate.boot.internal.SessionFactoryBuilderImpl.build(SessionFactoryBuilderImpl.java:467)
	at org.hibernate@5.3.23.Final//org.hibernate.jpa.boot.internal.EntityManagerFactoryBuilderImpl.build(EntityManagerFactoryBuilderImpl.java:1250)
	at org.hibernate.jipijapa-hibernate5-3@25.0.1.Final//org.jboss.as.jpa.hibernate5.TwoPhaseBootstrapImpl.build(TwoPhaseBootstrapImpl.java:44)
	at org.jboss.as.jpa@25.0.1.Final//org.jboss.as.jpa.service.PersistenceUnitServiceImpl$1$1.run(PersistenceUnitServiceImpl.java:170)
	at org.jboss.as.jpa@25.0.1.Final//org.jboss.as.jpa.service.PersistenceUnitServiceImpl$1$1.run(PersistenceUnitServiceImpl.java:128)
	at java.base/java.security.AccessController.doPrivileged(AccessController.java:391)
	at org.wildfly.security.elytron-base@1.17.1.Final//org.wildfly.security.manager.WildFlySecurityManager.doChecked(WildFlySecurityManager.java:664)
	at org.jboss.as.jpa@25.0.1.Final//org.jboss.as.jpa.service.PersistenceUnitServiceImpl$1.run(PersistenceUnitServiceImpl.java:213)
	at org.jboss.threads@2.4.0.Final//org.jboss.threads.ContextClassLoaderSavingRunnable.run(ContextClassLoaderSavingRunnable.java:35)
	at org.jboss.threads@2.4.0.Final//org.jboss.threads.EnhancedQueueExecutor.safeRun(EnhancedQueueExecutor.java:1990)
	at org.jboss.threads@2.4.0.Final//org.jboss.threads.EnhancedQueueExecutor$ThreadBody.doRunTask(EnhancedQueueExecutor.java:1486)
	at org.jboss.threads@2.4.0.Final//org.jboss.threads.EnhancedQueueExecutor$ThreadBody.run(EnhancedQueueExecutor.java:1377)
	at java.base/java.lang.Thread.run(Thread.java:832)
	at org.jboss.threads@2.4.0.Final//org.jboss.threads.JBossThread.run(JBossThread.java:513)
Caused by: java.sql.SQLException: Can't create table `recetas`.`receta_ingredientes_cantidades` (errno: 150 "Foreign key constraint is incorrectly formed")
	at com.mysql@5.1.48//com.mysql.jdbc.SQLError.createSQLException(SQLError.java:965)
	at com.mysql@5.1.48//com.mysql.jdbc.MysqlIO.checkErrorPacket(MysqlIO.java:3933)
	at com.mysql@5.1.48//com.mysql.jdbc.MysqlIO.checkErrorPacket(MysqlIO.java:3869)
	at com.mysql@5.1.48//com.mysql.jdbc.MysqlIO.sendCommand(MysqlIO.java:2524)
	at com.mysql@5.1.48//com.mysql.jdbc.MysqlIO.sqlQueryDirect(MysqlIO.java:2675)
	at com.mysql@5.1.48//com.mysql.jdbc.ConnectionImpl.execSQL(ConnectionImpl.java:2465)
	at com.mysql@5.1.48//com.mysql.jdbc.ConnectionImpl.execSQL(ConnectionImpl.java:2439)
	at com.mysql@5.1.48//com.mysql.jdbc.StatementImpl.executeInternal(StatementImpl.java:829)
	at com.mysql@5.1.48//com.mysql.jdbc.StatementImpl.execute(StatementImpl.java:729)
	at org.jboss.ironjacamar.jdbcadapters@1.5.2.Final//org.jboss.jca.adapters.jdbc.WrappedStatement.execute(WrappedStatement.java:198)
	at org.hibernate@5.3.23.Final//org.hibernate.tool.schema.internal.exec.GenerationTargetToDatabase.accept(GenerationTargetToDatabase.java:54)
	... 22 more

2024-09-05 16:25:03,408 WARN  [org.hibernate.tool.schema.internal.ExceptionHandlerLoggedImpl] (ServerService Thread Pool -- 78) GenerationTarget encountered exception accepting command : Error executing DDL "alter table usuario_favorito_receta add constraint FKc6p99nb9so5diwlwy43pn0db1 foreign key (receta_id) references receta (id)" via JDBC Statement: org.hibernate.tool.schema.spi.CommandAcceptanceException: Error executing DDL "alter table usuario_favorito_receta add constraint FKc6p99nb9so5diwlwy43pn0db1 foreign key (receta_id) references receta (id)" via JDBC Statement
	at org.hibernate@5.3.23.Final//org.hibernate.tool.schema.internal.exec.GenerationTargetToDatabase.accept(GenerationTargetToDatabase.java:67)
	at org.hibernate@5.3.23.Final//org.hibernate.tool.schema.internal.AbstractSchemaMigrator.applySqlString(AbstractSchemaMigrator.java:559)
	at org.hibernate@5.3.23.Final//org.hibernate.tool.schema.internal.AbstractSchemaMigrator.applySqlStrings(AbstractSchemaMigrator.java:504)
	at org.hibernate@5.3.23.Final//org.hibernate.tool.schema.internal.AbstractSchemaMigrator.applyForeignKeys(AbstractSchemaMigrator.java:433)
	at org.hibernate@5.3.23.Final//org.hibernate.tool.schema.internal.AbstractSchemaMigrator.performMigration(AbstractSchemaMigrator.java:249)
	at org.hibernate@5.3.23.Final//org.hibernate.tool.schema.internal.AbstractSchemaMigrator.doMigration(AbstractSchemaMigrator.java:114)
	at org.hibernate@5.3.23.Final//org.hibernate.tool.schema.spi.SchemaManagementToolCoordinator.performDatabaseAction(SchemaManagementToolCoordinator.java:183)
	at org.hibernate@5.3.23.Final//org.hibernate.tool.schema.spi.SchemaManagementToolCoordinator.process(SchemaManagementToolCoordinator.java:72)
	at org.hibernate@5.3.23.Final//org.hibernate.internal.SessionFactoryImpl.<init>(SessionFactoryImpl.java:310)
	at org.hibernate@5.3.23.Final//org.hibernate.boot.internal.SessionFactoryBuilderImpl.build(SessionFactoryBuilderImpl.java:467)
	at org.hibernate@5.3.23.Final//org.hibernate.jpa.boot.internal.EntityManagerFactoryBuilderImpl.build(EntityManagerFactoryBuilderImpl.java:1250)
	at org.hibernate.jipijapa-hibernate5-3@25.0.1.Final//org.jboss.as.jpa.hibernate5.TwoPhaseBootstrapImpl.build(TwoPhaseBootstrapImpl.java:44)
	at org.jboss.as.jpa@25.0.1.Final//org.jboss.as.jpa.service.PersistenceUnitServiceImpl$1$1.run(PersistenceUnitServiceImpl.java:170)
	at org.jboss.as.jpa@25.0.1.Final//org.jboss.as.jpa.service.PersistenceUnitServiceImpl$1$1.run(PersistenceUnitServiceImpl.java:128)
	at java.base/java.security.AccessController.doPrivileged(AccessController.java:391)
	at org.wildfly.security.elytron-base@1.17.1.Final//org.wildfly.security.manager.WildFlySecurityManager.doChecked(WildFlySecurityManager.java:664)
	at org.jboss.as.jpa@25.0.1.Final//org.jboss.as.jpa.service.PersistenceUnitServiceImpl$1.run(PersistenceUnitServiceImpl.java:213)
	at org.jboss.threads@2.4.0.Final//org.jboss.threads.ContextClassLoaderSavingRunnable.run(ContextClassLoaderSavingRunnable.java:35)
	at org.jboss.threads@2.4.0.Final//org.jboss.threads.EnhancedQueueExecutor.safeRun(EnhancedQueueExecutor.java:1990)
	at org.jboss.threads@2.4.0.Final//org.jboss.threads.EnhancedQueueExecutor$ThreadBody.doRunTask(EnhancedQueueExecutor.java:1486)
	at org.jboss.threads@2.4.0.Final//org.jboss.threads.EnhancedQueueExecutor$ThreadBody.run(EnhancedQueueExecutor.java:1377)
	at java.base/java.lang.Thread.run(Thread.java:832)
	at org.jboss.threads@2.4.0.Final//org.jboss.threads.JBossThread.run(JBossThread.java:513)
Caused by: java.sql.SQLException: Can't create table `recetas`.`usuario_favorito_receta` (errno: 150 "Foreign key constraint is incorrectly formed")
	at com.mysql@5.1.48//com.mysql.jdbc.SQLError.createSQLException(SQLError.java:965)
	at com.mysql@5.1.48//com.mysql.jdbc.MysqlIO.checkErrorPacket(MysqlIO.java:3933)
	at com.mysql@5.1.48//com.mysql.jdbc.MysqlIO.checkErrorPacket(MysqlIO.java:3869)
	at com.mysql@5.1.48//com.mysql.jdbc.MysqlIO.sendCommand(MysqlIO.java:2524)
	at com.mysql@5.1.48//com.mysql.jdbc.MysqlIO.sqlQueryDirect(MysqlIO.java:2675)
	at com.mysql@5.1.48//com.mysql.jdbc.ConnectionImpl.execSQL(ConnectionImpl.java:2465)
	at com.mysql@5.1.48//com.mysql.jdbc.ConnectionImpl.execSQL(ConnectionImpl.java:2439)
	at com.mysql@5.1.48//com.mysql.jdbc.StatementImpl.executeInternal(StatementImpl.java:829)
	at com.mysql@5.1.48//com.mysql.jdbc.StatementImpl.execute(StatementImpl.java:729)
	at org.jboss.ironjacamar.jdbcadapters@1.5.2.Final//org.jboss.jca.adapters.jdbc.WrappedStatement.execute(WrappedStatement.java:198)
	at org.hibernate@5.3.23.Final//org.hibernate.tool.schema.internal.exec.GenerationTargetToDatabase.accept(GenerationTargetToDatabase.java:54)
	... 22 more

2024-09-05 16:25:03,470 WARN  [org.hibernate.tool.schema.internal.ExceptionHandlerLoggedImpl] (ServerService Thread Pool -- 78) GenerationTarget encountered exception accepting command : Error executing DDL "alter table usuario_favorito_receta add constraint FKo25lybfrlwrdboucjn4ypoewi foreign key (usuario_id) references usuario (id)" via JDBC Statement: org.hibernate.tool.schema.spi.CommandAcceptanceException: Error executing DDL "alter table usuario_favorito_receta add constraint FKo25lybfrlwrdboucjn4ypoewi foreign key (usuario_id) references usuario (id)" via JDBC Statement
	at org.hibernate@5.3.23.Final//org.hibernate.tool.schema.internal.exec.GenerationTargetToDatabase.accept(GenerationTargetToDatabase.java:67)
	at org.hibernate@5.3.23.Final//org.hibernate.tool.schema.internal.AbstractSchemaMigrator.applySqlString(AbstractSchemaMigrator.java:559)
	at org.hibernate@5.3.23.Final//org.hibernate.tool.schema.internal.AbstractSchemaMigrator.applySqlStrings(AbstractSchemaMigrator.java:504)
	at org.hibernate@5.3.23.Final//org.hibernate.tool.schema.internal.AbstractSchemaMigrator.applyForeignKeys(AbstractSchemaMigrator.java:433)
	at org.hibernate@5.3.23.Final//org.hibernate.tool.schema.internal.AbstractSchemaMigrator.performMigration(AbstractSchemaMigrator.java:249)
	at org.hibernate@5.3.23.Final//org.hibernate.tool.schema.internal.AbstractSchemaMigrator.doMigration(AbstractSchemaMigrator.java:114)
	at org.hibernate@5.3.23.Final//org.hibernate.tool.schema.spi.SchemaManagementToolCoordinator.performDatabaseAction(SchemaManagementToolCoordinator.java:183)
	at org.hibernate@5.3.23.Final//org.hibernate.tool.schema.spi.SchemaManagementToolCoordinator.process(SchemaManagementToolCoordinator.java:72)
	at org.hibernate@5.3.23.Final//org.hibernate.internal.SessionFactoryImpl.<init>(SessionFactoryImpl.java:310)
	at org.hibernate@5.3.23.Final//org.hibernate.boot.internal.SessionFactoryBuilderImpl.build(SessionFactoryBuilderImpl.java:467)
	at org.hibernate@5.3.23.Final//org.hibernate.jpa.boot.internal.EntityManagerFactoryBuilderImpl.build(EntityManagerFactoryBuilderImpl.java:1250)
	at org.hibernate.jipijapa-hibernate5-3@25.0.1.Final//org.jboss.as.jpa.hibernate5.TwoPhaseBootstrapImpl.build(TwoPhaseBootstrapImpl.java:44)
	at org.jboss.as.jpa@25.0.1.Final//org.jboss.as.jpa.service.PersistenceUnitServiceImpl$1$1.run(PersistenceUnitServiceImpl.java:170)
	at org.jboss.as.jpa@25.0.1.Final//org.jboss.as.jpa.service.PersistenceUnitServiceImpl$1$1.run(PersistenceUnitServiceImpl.java:128)
	at java.base/java.security.AccessController.doPrivileged(AccessController.java:391)
	at org.wildfly.security.elytron-base@1.17.1.Final//org.wildfly.security.manager.WildFlySecurityManager.doChecked(WildFlySecurityManager.java:664)
	at org.jboss.as.jpa@25.0.1.Final//org.jboss.as.jpa.service.PersistenceUnitServiceImpl$1.run(PersistenceUnitServiceImpl.java:213)
	at org.jboss.threads@2.4.0.Final//org.jboss.threads.ContextClassLoaderSavingRunnable.run(ContextClassLoaderSavingRunnable.java:35)
	at org.jboss.threads@2.4.0.Final//org.jboss.threads.EnhancedQueueExecutor.safeRun(EnhancedQueueExecutor.java:1990)
	at org.jboss.threads@2.4.0.Final//org.jboss.threads.EnhancedQueueExecutor$ThreadBody.doRunTask(EnhancedQueueExecutor.java:1486)
	at org.jboss.threads@2.4.0.Final//org.jboss.threads.EnhancedQueueExecutor$ThreadBody.run(EnhancedQueueExecutor.java:1377)
	at java.base/java.lang.Thread.run(Thread.java:832)
	at org.jboss.threads@2.4.0.Final//org.jboss.threads.JBossThread.run(JBossThread.java:513)
Caused by: java.sql.SQLException: Can't create table `recetas`.`usuario_favorito_receta` (errno: 150 "Foreign key constraint is incorrectly formed")
	at com.mysql@5.1.48//com.mysql.jdbc.SQLError.createSQLException(SQLError.java:965)
	at com.mysql@5.1.48//com.mysql.jdbc.MysqlIO.checkErrorPacket(MysqlIO.java:3933)
	at com.mysql@5.1.48//com.mysql.jdbc.MysqlIO.checkErrorPacket(MysqlIO.java:3869)
	at com.mysql@5.1.48//com.mysql.jdbc.MysqlIO.sendCommand(MysqlIO.java:2524)
	at com.mysql@5.1.48//com.mysql.jdbc.MysqlIO.sqlQueryDirect(MysqlIO.java:2675)
	at com.mysql@5.1.48//com.mysql.jdbc.ConnectionImpl.execSQL(ConnectionImpl.java:2465)
	at com.mysql@5.1.48//com.mysql.jdbc.ConnectionImpl.execSQL(ConnectionImpl.java:2439)
	at com.mysql@5.1.48//com.mysql.jdbc.StatementImpl.executeInternal(StatementImpl.java:829)
	at com.mysql@5.1.48//com.mysql.jdbc.StatementImpl.execute(StatementImpl.java:729)
	at org.jboss.ironjacamar.jdbcadapters@1.5.2.Final//org.jboss.jca.adapters.jdbc.WrappedStatement.execute(WrappedStatement.java:198)
	at org.hibernate@5.3.23.Final//org.hibernate.tool.schema.internal.exec.GenerationTargetToDatabase.accept(GenerationTargetToDatabase.java:54)
	... 22 more

2024-09-05 16:25:03,512 WARN  [org.hibernate.tool.schema.internal.ExceptionHandlerLoggedImpl] (ServerService Thread Pool -- 78) GenerationTarget encountered exception accepting command : Error executing DDL "alter table valoracion_usuario add constraint FKb868rqmgkugpab7ca4if9rtbe foreign key (id_receta) references receta (id)" via JDBC Statement: org.hibernate.tool.schema.spi.CommandAcceptanceException: Error executing DDL "alter table valoracion_usuario add constraint FKb868rqmgkugpab7ca4if9rtbe foreign key (id_receta) references receta (id)" via JDBC Statement
	at org.hibernate@5.3.23.Final//org.hibernate.tool.schema.internal.exec.GenerationTargetToDatabase.accept(GenerationTargetToDatabase.java:67)
	at org.hibernate@5.3.23.Final//org.hibernate.tool.schema.internal.AbstractSchemaMigrator.applySqlString(AbstractSchemaMigrator.java:559)
	at org.hibernate@5.3.23.Final//org.hibernate.tool.schema.internal.AbstractSchemaMigrator.applySqlStrings(AbstractSchemaMigrator.java:504)
	at org.hibernate@5.3.23.Final//org.hibernate.tool.schema.internal.AbstractSchemaMigrator.applyForeignKeys(AbstractSchemaMigrator.java:433)
	at org.hibernate@5.3.23.Final//org.hibernate.tool.schema.internal.AbstractSchemaMigrator.performMigration(AbstractSchemaMigrator.java:249)
	at org.hibernate@5.3.23.Final//org.hibernate.tool.schema.internal.AbstractSchemaMigrator.doMigration(AbstractSchemaMigrator.java:114)
	at org.hibernate@5.3.23.Final//org.hibernate.tool.schema.spi.SchemaManagementToolCoordinator.performDatabaseAction(SchemaManagementToolCoordinator.java:183)
	at org.hibernate@5.3.23.Final//org.hibernate.tool.schema.spi.SchemaManagementToolCoordinator.process(SchemaManagementToolCoordinator.java:72)
	at org.hibernate@5.3.23.Final//org.hibernate.internal.SessionFactoryImpl.<init>(SessionFactoryImpl.java:310)
	at org.hibernate@5.3.23.Final//org.hibernate.boot.internal.SessionFactoryBuilderImpl.build(SessionFactoryBuilderImpl.java:467)
	at org.hibernate@5.3.23.Final//org.hibernate.jpa.boot.internal.EntityManagerFactoryBuilderImpl.build(EntityManagerFactoryBuilderImpl.java:1250)
	at org.hibernate.jipijapa-hibernate5-3@25.0.1.Final//org.jboss.as.jpa.hibernate5.TwoPhaseBootstrapImpl.build(TwoPhaseBootstrapImpl.java:44)
	at org.jboss.as.jpa@25.0.1.Final//org.jboss.as.jpa.service.PersistenceUnitServiceImpl$1$1.run(PersistenceUnitServiceImpl.java:170)
	at org.jboss.as.jpa@25.0.1.Final//org.jboss.as.jpa.service.PersistenceUnitServiceImpl$1$1.run(PersistenceUnitServiceImpl.java:128)
	at java.base/java.security.AccessController.doPrivileged(AccessController.java:391)
	at org.wildfly.security.elytron-base@1.17.1.Final//org.wildfly.security.manager.WildFlySecurityManager.doChecked(WildFlySecurityManager.java:664)
	at org.jboss.as.jpa@25.0.1.Final//org.jboss.as.jpa.service.PersistenceUnitServiceImpl$1.run(PersistenceUnitServiceImpl.java:213)
	at org.jboss.threads@2.4.0.Final//org.jboss.threads.ContextClassLoaderSavingRunnable.run(ContextClassLoaderSavingRunnable.java:35)
	at org.jboss.threads@2.4.0.Final//org.jboss.threads.EnhancedQueueExecutor.safeRun(EnhancedQueueExecutor.java:1990)
	at org.jboss.threads@2.4.0.Final//org.jboss.threads.EnhancedQueueExecutor$ThreadBody.doRunTask(EnhancedQueueExecutor.java:1486)
	at org.jboss.threads@2.4.0.Final//org.jboss.threads.EnhancedQueueExecutor$ThreadBody.run(EnhancedQueueExecutor.java:1377)
	at java.base/java.lang.Thread.run(Thread.java:832)
	at org.jboss.threads@2.4.0.Final//org.jboss.threads.JBossThread.run(JBossThread.java:513)
Caused by: java.sql.SQLException: Can't create table `recetas`.`valoracion_usuario` (errno: 150 "Foreign key constraint is incorrectly formed")
	at com.mysql@5.1.48//com.mysql.jdbc.SQLError.createSQLException(SQLError.java:965)
	at com.mysql@5.1.48//com.mysql.jdbc.MysqlIO.checkErrorPacket(MysqlIO.java:3933)
	at com.mysql@5.1.48//com.mysql.jdbc.MysqlIO.checkErrorPacket(MysqlIO.java:3869)
	at com.mysql@5.1.48//com.mysql.jdbc.MysqlIO.sendCommand(MysqlIO.java:2524)
	at com.mysql@5.1.48//com.mysql.jdbc.MysqlIO.sqlQueryDirect(MysqlIO.java:2675)
	at com.mysql@5.1.48//com.mysql.jdbc.ConnectionImpl.execSQL(ConnectionImpl.java:2465)
	at com.mysql@5.1.48//com.mysql.jdbc.ConnectionImpl.execSQL(ConnectionImpl.java:2439)
	at com.mysql@5.1.48//com.mysql.jdbc.StatementImpl.executeInternal(StatementImpl.java:829)
	at com.mysql@5.1.48//com.mysql.jdbc.StatementImpl.execute(StatementImpl.java:729)
	at org.jboss.ironjacamar.jdbcadapters@1.5.2.Final//org.jboss.jca.adapters.jdbc.WrappedStatement.execute(WrappedStatement.java:198)
	at org.hibernate@5.3.23.Final//org.hibernate.tool.schema.internal.exec.GenerationTargetToDatabase.accept(GenerationTargetToDatabase.java:54)
	... 22 more

2024-09-05 16:25:03,547 WARN  [org.hibernate.tool.schema.internal.ExceptionHandlerLoggedImpl] (ServerService Thread Pool -- 78) GenerationTarget encountered exception accepting command : Error executing DDL "alter table valoracion_usuario add constraint FKd3bgh0jpnpfbbiq7najysbudr foreign key (id_usuario) references usuario (id)" via JDBC Statement: org.hibernate.tool.schema.spi.CommandAcceptanceException: Error executing DDL "alter table valoracion_usuario add constraint FKd3bgh0jpnpfbbiq7najysbudr foreign key (id_usuario) references usuario (id)" via JDBC Statement
	at org.hibernate@5.3.23.Final//org.hibernate.tool.schema.internal.exec.GenerationTargetToDatabase.accept(GenerationTargetToDatabase.java:67)
	at org.hibernate@5.3.23.Final//org.hibernate.tool.schema.internal.AbstractSchemaMigrator.applySqlString(AbstractSchemaMigrator.java:559)
	at org.hibernate@5.3.23.Final//org.hibernate.tool.schema.internal.AbstractSchemaMigrator.applySqlStrings(AbstractSchemaMigrator.java:504)
	at org.hibernate@5.3.23.Final//org.hibernate.tool.schema.internal.AbstractSchemaMigrator.applyForeignKeys(AbstractSchemaMigrator.java:433)
	at org.hibernate@5.3.23.Final//org.hibernate.tool.schema.internal.AbstractSchemaMigrator.performMigration(AbstractSchemaMigrator.java:249)
	at org.hibernate@5.3.23.Final//org.hibernate.tool.schema.internal.AbstractSchemaMigrator.doMigration(AbstractSchemaMigrator.java:114)
	at org.hibernate@5.3.23.Final//org.hibernate.tool.schema.spi.SchemaManagementToolCoordinator.performDatabaseAction(SchemaManagementToolCoordinator.java:183)
	at org.hibernate@5.3.23.Final//org.hibernate.tool.schema.spi.SchemaManagementToolCoordinator.process(SchemaManagementToolCoordinator.java:72)
	at org.hibernate@5.3.23.Final//org.hibernate.internal.SessionFactoryImpl.<init>(SessionFactoryImpl.java:310)
	at org.hibernate@5.3.23.Final//org.hibernate.boot.internal.SessionFactoryBuilderImpl.build(SessionFactoryBuilderImpl.java:467)
	at org.hibernate@5.3.23.Final//org.hibernate.jpa.boot.internal.EntityManagerFactoryBuilderImpl.build(EntityManagerFactoryBuilderImpl.java:1250)
	at org.hibernate.jipijapa-hibernate5-3@25.0.1.Final//org.jboss.as.jpa.hibernate5.TwoPhaseBootstrapImpl.build(TwoPhaseBootstrapImpl.java:44)
	at org.jboss.as.jpa@25.0.1.Final//org.jboss.as.jpa.service.PersistenceUnitServiceImpl$1$1.run(PersistenceUnitServiceImpl.java:170)
	at org.jboss.as.jpa@25.0.1.Final//org.jboss.as.jpa.service.PersistenceUnitServiceImpl$1$1.run(PersistenceUnitServiceImpl.java:128)
	at java.base/java.security.AccessController.doPrivileged(AccessController.java:391)
	at org.wildfly.security.elytron-base@1.17.1.Final//org.wildfly.security.manager.WildFlySecurityManager.doChecked(WildFlySecurityManager.java:664)
	at org.jboss.as.jpa@25.0.1.Final//org.jboss.as.jpa.service.PersistenceUnitServiceImpl$1.run(PersistenceUnitServiceImpl.java:213)
	at org.jboss.threads@2.4.0.Final//org.jboss.threads.ContextClassLoaderSavingRunnable.run(ContextClassLoaderSavingRunnable.java:35)
	at org.jboss.threads@2.4.0.Final//org.jboss.threads.EnhancedQueueExecutor.safeRun(EnhancedQueueExecutor.java:1990)
	at org.jboss.threads@2.4.0.Final//org.jboss.threads.EnhancedQueueExecutor$ThreadBody.doRunTask(EnhancedQueueExecutor.java:1486)
	at org.jboss.threads@2.4.0.Final//org.jboss.threads.EnhancedQueueExecutor$ThreadBody.run(EnhancedQueueExecutor.java:1377)
	at java.base/java.lang.Thread.run(Thread.java:832)
	at org.jboss.threads@2.4.0.Final//org.jboss.threads.JBossThread.run(JBossThread.java:513)
Caused by: java.sql.SQLException: Can't create table `recetas`.`valoracion_usuario` (errno: 150 "Foreign key constraint is incorrectly formed")
	at com.mysql@5.1.48//com.mysql.jdbc.SQLError.createSQLException(SQLError.java:965)
	at com.mysql@5.1.48//com.mysql.jdbc.MysqlIO.checkErrorPacket(MysqlIO.java:3933)
	at com.mysql@5.1.48//com.mysql.jdbc.MysqlIO.checkErrorPacket(MysqlIO.java:3869)
	at com.mysql@5.1.48//com.mysql.jdbc.MysqlIO.sendCommand(MysqlIO.java:2524)
	at com.mysql@5.1.48//com.mysql.jdbc.MysqlIO.sqlQueryDirect(MysqlIO.java:2675)
	at com.mysql@5.1.48//com.mysql.jdbc.ConnectionImpl.execSQL(ConnectionImpl.java:2465)
	at com.mysql@5.1.48//com.mysql.jdbc.ConnectionImpl.execSQL(ConnectionImpl.java:2439)
	at com.mysql@5.1.48//com.mysql.jdbc.StatementImpl.executeInternal(StatementImpl.java:829)
	at com.mysql@5.1.48//com.mysql.jdbc.StatementImpl.execute(StatementImpl.java:729)
	at org.jboss.ironjacamar.jdbcadapters@1.5.2.Final//org.jboss.jca.adapters.jdbc.WrappedStatement.execute(WrappedStatement.java:198)
	at org.hibernate@5.3.23.Final//org.hibernate.tool.schema.internal.exec.GenerationTargetToDatabase.accept(GenerationTargetToDatabase.java:54)
	... 22 more

2024-09-05 16:25:03,566 INFO  [org.hibernate.hql.internal.QueryTranslatorFactoryInitiator] (ServerService Thread Pool -- 78) HHH000397: Using ASTQueryTranslatorFactory
2024-09-05 16:25:04,089 WARN  [org.jboss.weld.Bootstrap] (MSC service thread 1-7) WELD-000146: BeforeBeanDiscovery.addAnnotatedType(AnnotatedType<?>) used for class com.sun.faces.flow.FlowDiscoveryCDIHelper is deprecated from CDI 1.1!
2024-09-05 16:25:05,765 INFO  [javax.enterprise.resource.webcontainer.jsf.config] (ServerService Thread Pool -- 69) Inicializando Mojarra 2.3.14.SP04 para el contexto '/JaviCook-1.0-SNAPSHOT'
2024-09-05 16:25:07,975 INFO  [org.wildfly.extension.undertow] (ServerService Thread Pool -- 69) WFLYUT0021: Registered web context: '/JaviCook-1.0-SNAPSHOT' for server 'default-server'
2024-09-05 16:25:08,054 INFO  [org.jboss.as.server] (management-handler-thread - 1) WFLYSRV0010: Deployed "JaviCook-1.0-SNAPSHOT" (runtime-name : "JaviCook-1.0-SNAPSHOT.war")
2024-09-05 16:25:09,389 INFO  [stdout] (default task-1) Token no proporcionado.
2024-09-05 16:25:09,391 INFO  [stdout] (default task-1) java.lang.NullPointerException: Cannot invoke "javax.servlet.http.HttpSession.getAttribute(String)" because "session" is null
2024-09-05 16:25:10,057 INFO  [stdout] (default task-1) Token no proporcionado.
2024-09-05 16:25:10,058 INFO  [stdout] (default task-1) java.lang.NullPointerException: Cannot invoke "javax.servlet.http.HttpSession.getAttribute(String)" because "session" is null
2024-09-05 16:25:13,785 INFO  [stdout] (default task-1) 05/09/2024 16:25
2024-09-05 16:26:51,341 INFO  [stdout] (default task-1) Receta eliminada de la lista de favoritos de todos los usuarios.
2024-09-05 16:26:52,541 INFO  [stdout] (default task-1) El archivo se eliminó correctamente.
2024-09-05 16:26:52,542 INFO  [stdout] (default task-1) El archivo se eliminó correctamente.
2024-09-05 16:26:52,693 INFO  [stdout] (default task-1) La recetaReceta: Prueba borrado fue removida de la lista de favoritos
2024-09-05 16:26:52,760 INFO  [stdout] (default task-1) Receta a eliminar con id 155
2024-09-05 16:26:52,891 INFO  [stdout] (default task-1) No hay recetas para mostrar
2024-09-05 16:26:53,153 INFO  [stdout] (default task-1) No hay recetas para mostrar
2024-09-05 16:34:31,127 INFO  [org.jboss.as.connector.deployers.jdbc] (MSC service thread 1-6) WFLYJCA0019: Stopped Driver service with driver-name = JaviCook-1.0-SNAPSHOT.war_com.mysql.cj.jdbc.Driver_8_0
2024-09-05 16:34:31,129 INFO  [org.wildfly.extension.undertow] (ServerService Thread Pool -- 70) WFLYUT0022: Unregistered web context: '/JaviCook-1.0-SNAPSHOT' from server 'default-server'
2024-09-05 16:34:31,139 WARNING [javax.enterprise.resource.webcontainer.jsf.config] (ServerService Thread Pool -- 70) Unexpected state during contextDestroyed: no ConfigManager instance in current ServletContext but one is expected to exist.
2024-09-05 16:34:31,163 INFO  [org.jboss.as.jpa] (ServerService Thread Pool -- 112) WFLYJPA0011: Stopping Persistence Unit (phase 2 of 2) Service 'JaviCook-1.0-SNAPSHOT#recetaDS'
2024-09-05 16:34:31,167 INFO  [org.hibernate.orm.beans] (ServerService Thread Pool -- 112) HHH10005004: Stopping BeanContainer : org.hibernate.resource.beans.container.internal.CdiBeanContainerExtendedAccessImpl@6c303af8
2024-09-05 16:34:31,172 INFO  [org.jboss.as.jpa] (ServerService Thread Pool -- 112) WFLYJPA0011: Stopping Persistence Unit (phase 1 of 2) Service 'JaviCook-1.0-SNAPSHOT#recetaDS'
2024-09-05 16:34:31,180 ERROR [stderr] (MSC service thread 1-5) Loading class `com.mysql.jdbc.Driver'. This is deprecated. The new driver class is `com.mysql.cj.jdbc.Driver'. The driver is automatically registered via the SPI and manual loading of the driver class is generally unnecessary.
2024-09-05 16:34:31,220 INFO  [org.infinispan.manager.DefaultCacheManager] (ServerService Thread Pool -- 112) Stopping cache manager null on null
2024-09-05 16:34:31,239 INFO  [org.jboss.as.server.deployment] (MSC service thread 1-7) WFLYSRV0028: Stopped deployment JaviCook-1.0-SNAPSHOT (runtime-name: JaviCook-1.0-SNAPSHOT.war) in 116ms
2024-09-05 16:34:31,272 INFO  [org.jboss.as.server] (management-handler-thread - 1) WFLYSRV0009: Undeployed "JaviCook-1.0-SNAPSHOT" (runtime-name: "JaviCook-1.0-SNAPSHOT.war")
2024-09-05 16:34:31,372 INFO  [org.jboss.as.server] (management-handler-thread - 1) WFLYSRV0272: Suspending server
2024-09-05 16:34:31,375 INFO  [org.jboss.as.ejb3] (management-handler-thread - 1) WFLYEJB0493: Jakarta Enterprise Beans subsystem suspension complete
2024-09-05 16:34:31,377 INFO  [org.jboss.as.server] (Management Triggered Shutdown) WFLYSRV0241: Shutting down in response to management operation 'shutdown'
2024-09-05 16:34:31,385 INFO  [org.jboss.as.connector.deployers.jdbc] (MSC service thread 1-7) WFLYJCA0019: Stopped Driver service with driver-name = mysql
2024-09-05 16:34:31,387 INFO  [org.jboss.as.connector.subsystems.datasources] (MSC service thread 1-8) WFLYJCA0010: Unbound data source [java:jboss/datasources/recetaDS]
2024-09-05 16:34:31,387 INFO  [org.jboss.as.connector.deployers.jdbc] (MSC service thread 1-8) WFLYJCA0019: Stopped Driver service with driver-name = h2
2024-09-05 16:34:31,393 INFO  [org.jboss.as.mail.extension] (MSC service thread 1-5) WFLYMAIL0002: Unbound mail session [java:jboss/mail/Default]
2024-09-05 16:34:31,393 INFO  [org.wildfly.extension.undertow] (MSC service thread 1-5) WFLYUT0019: Host default-host stopping
2024-09-05 16:34:31,393 INFO  [org.jboss.as.connector.subsystems.datasources] (MSC service thread 1-4) WFLYJCA0010: Unbound data source [java:jboss/datasources/agendaDS]
2024-09-05 16:34:31,395 INFO  [org.wildfly.extension.undertow] (MSC service thread 1-6) WFLYUT0008: Undertow HTTPS listener https suspending
2024-09-05 16:34:31,395 INFO  [org.wildfly.extension.undertow] (MSC service thread 1-6) WFLYUT0007: Undertow HTTPS listener https stopped, was bound to 127.0.0.1:8443
2024-09-05 16:34:31,397 INFO  [org.jboss.as.connector.deployers.jdbc] (MSC service thread 1-2) WFLYJCA0019: Stopped Driver service with driver-name = mysql-new
2024-09-05 16:34:31,404 INFO  [org.wildfly.extension.undertow] (MSC service thread 1-3) WFLYUT0008: Undertow HTTP listener default suspending
2024-09-05 16:34:31,404 INFO  [org.jboss.as.clustering.infinispan] (ServerService Thread Pool -- 120) WFLYCLINF0003: Stopped http-remoting-connector cache from ejb container
2024-09-05 16:34:31,405 INFO  [org.wildfly.extension.undertow] (MSC service thread 1-3) WFLYUT0007: Undertow HTTP listener default stopped, was bound to 127.0.0.1:8080
2024-09-05 16:34:31,407 INFO  [org.jboss.as.connector.deployers.jdbc] (MSC service thread 1-7) WFLYJCA0019: Stopped Driver service with driver-name = mysql-new2
2024-09-05 16:34:31,409 INFO  [org.infinispan.manager.DefaultCacheManager] (ServerService Thread Pool -- 116) Stopping cache manager null on null
2024-09-05 16:34:31,411 INFO  [org.wildfly.extension.undertow] (MSC service thread 1-2) WFLYUT0004: Undertow 2.2.12.Final stopping
2024-09-05 16:34:31,430 INFO  [org.jboss.as] (MSC service thread 1-3) WFLYSRV0050: WildFly Full 25.0.1.Final (WildFly Core 17.0.3.Final) stopped in 47ms
